Notes,County,County Code,Month,Month Code,Deaths,Population,Crude Rate
,"Adair County, OK",40001,"Jan., 2019",2019/01,Suppressed,Not Applicable,Not Applicable
,"Adair County, OK",40001,"Feb., 2019",2019/02,Suppressed,Not Applicable,Not Applicable
,"Adair County, OK",40001,"Mar., 2019",2019/03,17,Not Applicable,Not Applicable
,"Adair County, OK",40001,"Apr., 2019",2019/04,14,Not Applicable,Not Applicable
,"Adair County, OK",40001,"May, 2019",2019/05,10,Not Applicable,Not Applicable
,"Adair County, OK",40001,"Jun., 2019",2019/06,Suppressed,Not Applicable,Not Applicable
,"Adair County, OK",40001,"Jul., 2019",2019/07,Suppressed,Not Applicable,Not Applicable
,"Adair County, OK",40001,"Aug., 2019",2019/08,13,Not Applicable,Not Applicable
,"Adair County, OK",40001,"Sep., 2019",2019/09,13,Not Applicable,Not Applicable
,"Adair County, OK",40001,"Oct., 2019",2019/10,Suppressed,Not Applicable,Not Applicable
,"Adair County, OK",40001,"Nov., 2019",2019/11,12,Not Applicable,Not Applicable
,"Adair County, OK",40001,"Dec., 2019",2019/12,12,Not Applicable,Not Applicable
,"Alfalfa County, OK",40003,"Jan., 2019",2019/01,Suppressed,Not Applicable,Not Applicable
,"Alfalfa County, OK",40003,"Feb., 2019",2019/02,Suppressed,Not Applicable,Not Applicable
,"Alfalfa County, OK",40003,"Mar., 2019",2019/03,Suppressed,Not Applicable,Not Applicable
,"Alfalfa County, OK",40003,"Apr., 2019",2019/04,Suppressed,Not Applicable,Not Applicable
,"Alfalfa County, OK",40003,"May, 2019",2019/05,Suppressed,Not Applicable,Not Applicable
,"Alfalfa County, OK",40003,"Jun., 2019",2019/06,Suppressed,Not Applicable,Not Applicable
,"Alfalfa County, OK",40003,"Jul., 2019",2019/07,Suppressed,Not Applicable,Not Applicable
,"Alfalfa County, OK",40003,"Aug., 2019",2019/08,Suppressed,Not Applicable,Not Applicable
,"Alfalfa County, OK",40003,"Sep., 2019",2019/09,Suppressed,Not Applicable,Not Applicable
,"Alfalfa County, OK",40003,"Oct., 2019",2019/10,Suppressed,Not Applicable,Not Applicable
,"Alfalfa County, OK",40003,"Nov., 2019",2019/11,Suppressed,Not Applicable,Not Applicable
,"Alfalfa County, OK",40003,"Dec., 2019",2019/12,Suppressed,Not Applicable,Not Applicable
,"Atoka County, OK",40005,"Jan., 2019",2019/01,10,Not Applicable,Not Applicable
,"Atoka County, OK",40005,"Feb., 2019",2019/02,Suppressed,Not Applicable,Not Applicable
,"Atoka County, OK",40005,"Mar., 2019",2019/03,Suppressed,Not Applicable,Not Applicable
,"Atoka County, OK",40005,"Apr., 2019",2019/04,Suppressed,Not Applicable,Not Applicable
,"Atoka County, OK",40005,"May, 2019",2019/05,12,Not Applicable,Not Applicable
,"Atoka County, OK",40005,"Jun., 2019",2019/06,Suppressed,Not Applicable,Not Applicable
,"Atoka County, OK",40005,"Jul., 2019",2019/07,Suppressed,Not Applicable,Not Applicable
,"Atoka County, OK",40005,"Aug., 2019",2019/08,Suppressed,Not Applicable,Not Applicable
,"Atoka County, OK",40005,"Sep., 2019",2019/09,11,Not Applicable,Not Applicable
,"Atoka County, OK",40005,"Oct., 2019",2019/10,Suppressed,Not Applicable,Not Applicable
,"Atoka County, OK",40005,"Nov., 2019",2019/11,10,Not Applicable,Not Applicable
,"Atoka County, OK",40005,"Dec., 2019",2019/12,10,Not Applicable,Not Applicable
,"Beaver County, OK",40007,"Jan., 2019",2019/01,Suppressed,Not Applicable,Not Applicable
,"Beaver County, OK",40007,"Feb., 2019",2019/02,Suppressed,Not Applicable,Not Applicable
,"Beaver County, OK",40007,"Mar., 2019",2019/03,Suppressed,Not Applicable,Not Applicable
,"Beaver County, OK",40007,"Apr., 2019",2019/04,Suppressed,Not Applicable,Not Applicable
,"Beaver County, OK",40007,"May, 2019",2019/05,Suppressed,Not Applicable,Not Applicable
,"Beaver County, OK",40007,"Jun., 2019",2019/06,Suppressed,Not Applicable,Not Applicable
,"Beaver County, OK",40007,"Jul., 2019",2019/07,Suppressed,Not Applicable,Not Applicable
,"Beaver County, OK",40007,"Aug., 2019",2019/08,Suppressed,Not Applicable,Not Applicable
,"Beaver County, OK",40007,"Sep., 2019",2019/09,Suppressed,Not Applicable,Not Applicable
,"Beaver County, OK",40007,"Oct., 2019",2019/10,Suppressed,Not Applicable,Not Applicable
,"Beaver County, OK",40007,"Nov., 2019",2019/11,Suppressed,Not Applicable,Not Applicable
,"Beaver County, OK",40007,"Dec., 2019",2019/12,0,Not Applicable,Not Applicable
,"Beckham County, OK",40009,"Jan., 2019",2019/01,17,Not Applicable,Not Applicable
,"Beckham County, OK",40009,"Feb., 2019",2019/02,14,Not Applicable,Not Applicable
,"Beckham County, OK",40009,"Mar., 2019",2019/03,14,Not Applicable,Not Applicable
,"Beckham County, OK",40009,"Apr., 2019",2019/04,15,Not Applicable,Not Applicable
,"Beckham County, OK",40009,"May, 2019",2019/05,10,Not Applicable,Not Applicable
,"Beckham County, OK",40009,"Jun., 2019",2019/06,Suppressed,Not Applicable,Not Applicable
,"Beckham County, OK",40009,"Jul., 2019",2019/07,16,Not Applicable,Not Applicable
,"Beckham County, OK",40009,"Aug., 2019",2019/08,Suppressed,Not Applicable,Not Applicable
,"Beckham County, OK",40009,"Sep., 2019",2019/09,Suppressed,Not Applicable,Not Applicable
,"Beckham County, OK",40009,"Oct., 2019",2019/10,Suppressed,Not Applicable,Not Applicable
,"Beckham County, OK",40009,"Nov., 2019",2019/11,15,Not Applicable,Not Applicable
,"Beckham County, OK",40009,"Dec., 2019",2019/12,14,Not Applicable,Not Applicable
,"Blaine County, OK",40011,"Jan., 2019",2019/01,Suppressed,Not Applicable,Not Applicable
,"Blaine County, OK",40011,"Feb., 2019",2019/02,Suppressed,Not Applicable,Not Applicable
,"Blaine County, OK",40011,"Mar., 2019",2019/03,15,Not Applicable,Not Applicable
,"Blaine County, OK",40011,"Apr., 2019",2019/04,Suppressed,Not Applicable,Not Applicable
,"Blaine County, OK",40011,"May, 2019",2019/05,12,Not Applicable,Not Applicable
,"Blaine County, OK",40011,"Jun., 2019",2019/06,Suppressed,Not Applicable,Not Applicable
,"Blaine County, OK",40011,"Jul., 2019",2019/07,Suppressed,Not Applicable,Not Applicable
,"Blaine County, OK",40011,"Aug., 2019",2019/08,10,Not Applicable,Not Applicable
,"Blaine County, OK",40011,"Sep., 2019",2019/09,Suppressed,Not Applicable,Not Applicable
,"Blaine County, OK",40011,"Oct., 2019",2019/10,Suppressed,Not Applicable,Not Applicable
,"Blaine County, OK",40011,"Nov., 2019",2019/11,Suppressed,Not Applicable,Not Applicable
,"Blaine County, OK",40011,"Dec., 2019",2019/12,Suppressed,Not Applicable,Not Applicable
,"Bryan County, OK",40013,"Jan., 2019",2019/01,37,Not Applicable,Not Applicable
,"Bryan County, OK",40013,"Feb., 2019",2019/02,30,Not Applicable,Not Applicable
,"Bryan County, OK",40013,"Mar., 2019",2019/03,29,Not Applicable,Not Applicable
,"Bryan County, OK",40013,"Apr., 2019",2019/04,21,Not Applicable,Not Applicable
,"Bryan County, OK",40013,"May, 2019",2019/05,34,Not Applicable,Not Applicable
,"Bryan County, OK",40013,"Jun., 2019",2019/06,19,Not Applicable,Not Applicable
,"Bryan County, OK",40013,"Jul., 2019",2019/07,30,Not Applicable,Not Applicable
,"Bryan County, OK",40013,"Aug., 2019",2019/08,29,Not Applicable,Not Applicable
,"Bryan County, OK",40013,"Sep., 2019",2019/09,25,Not Applicable,Not Applicable
,"Bryan County, OK",40013,"Oct., 2019",2019/10,32,Not Applicable,Not Applicable
,"Bryan County, OK",40013,"Nov., 2019",2019/11,28,Not Applicable,Not Applicable
,"Bryan County, OK",40013,"Dec., 2019",2019/12,33,Not Applicable,Not Applicable
,"Caddo County, OK",40015,"Jan., 2019",2019/01,31,Not Applicable,Not Applicable
,"Caddo County, OK",40015,"Feb., 2019",2019/02,14,Not Applicable,Not Applicable
,"Caddo County, OK",40015,"Mar., 2019",2019/03,16,Not Applicable,Not Applicable
,"Caddo County, OK",40015,"Apr., 2019",2019/04,16,Not Applicable,Not Applicable
,"Caddo County, OK",40015,"May, 2019",2019/05,23,Not Applicable,Not Applicable
,"Caddo County, OK",40015,"Jun., 2019",2019/06,14,Not Applicable,Not Applicable
,"Caddo County, OK",40015,"Jul., 2019",2019/07,19,Not Applicable,Not Applicable
,"Caddo County, OK",40015,"Aug., 2019",2019/08,14,Not Applicable,Not Applicable
,"Caddo County, OK",40015,"Sep., 2019",2019/09,26,Not Applicable,Not Applicable
,"Caddo County, OK",40015,"Oct., 2019",2019/10,18,Not Applicable,Not Applicable
,"Caddo County, OK",40015,"Nov., 2019",2019/11,18,Not Applicable,Not Applicable
,"Caddo County, OK",40015,"Dec., 2019",2019/12,22,Not Applicable,Not Applicable
,"Canadian County, OK",40017,"Jan., 2019",2019/01,74,Not Applicable,Not Applicable
,"Canadian County, OK",40017,"Feb., 2019",2019/02,76,Not Applicable,Not Applicable
,"Canadian County, OK",40017,"Mar., 2019",2019/03,54,Not Applicable,Not Applicable
,"Canadian County, OK",40017,"Apr., 2019",2019/04,51,Not Applicable,Not Applicable
,"Canadian County, OK",40017,"May, 2019",2019/05,58,Not Applicable,Not Applicable
,"Canadian County, OK",40017,"Jun., 2019",2019/06,52,Not Applicable,Not Applicable
,"Canadian County, OK",40017,"Jul., 2019",2019/07,57,Not Applicable,Not Applicable
,"Canadian County, OK",40017,"Aug., 2019",2019/08,67,Not Applicable,Not Applicable
,"Canadian County, OK",40017,"Sep., 2019",2019/09,57,Not Applicable,Not Applicable
,"Canadian County, OK",40017,"Oct., 2019",2019/10,60,Not Applicable,Not Applicable
,"Canadian County, OK",40017,"Nov., 2019",2019/11,64,Not Applicable,Not Applicable
,"Canadian County, OK",40017,"Dec., 2019",2019/12,62,Not Applicable,Not Applicable
,"Carter County, OK",40019,"Jan., 2019",2019/01,30,Not Applicable,Not Applicable
,"Carter County, OK",40019,"Feb., 2019",2019/02,34,Not Applicable,Not Applicable
,"Carter County, OK",40019,"Mar., 2019",2019/03,24,Not Applicable,Not Applicable
,"Carter County, OK",40019,"Apr., 2019",2019/04,21,Not Applicable,Not Applicable
,"Carter County, OK",40019,"May, 2019",2019/05,21,Not Applicable,Not Applicable
,"Carter County, OK",40019,"Jun., 2019",2019/06,32,Not Applicable,Not Applicable
,"Carter County, OK",40019,"Jul., 2019",2019/07,31,Not Applicable,Not Applicable
,"Carter County, OK",40019,"Aug., 2019",2019/08,29,Not Applicable,Not Applicable
,"Carter County, OK",40019,"Sep., 2019",2019/09,26,Not Applicable,Not Applicable
,"Carter County, OK",40019,"Oct., 2019",2019/10,34,Not Applicable,Not Applicable
,"Carter County, OK",40019,"Nov., 2019",2019/11,34,Not Applicable,Not Applicable
,"Carter County, OK",40019,"Dec., 2019",2019/12,31,Not Applicable,Not Applicable
,"Cherokee County, OK",40021,"Jan., 2019",2019/01,31,Not Applicable,Not Applicable
,"Cherokee County, OK",40021,"Feb., 2019",2019/02,26,Not Applicable,Not Applicable
,"Cherokee County, OK",40021,"Mar., 2019",2019/03,29,Not Applicable,Not Applicable
,"Cherokee County, OK",40021,"Apr., 2019",2019/04,27,Not Applicable,Not Applicable
,"Cherokee County, OK",40021,"May, 2019",2019/05,23,Not Applicable,Not Applicable
,"Cherokee County, OK",40021,"Jun., 2019",2019/06,28,Not Applicable,Not Applicable
,"Cherokee County, OK",40021,"Jul., 2019",2019/07,21,Not Applicable,Not Applicable
,"Cherokee County, OK",40021,"Aug., 2019",2019/08,21,Not Applicable,Not Applicable
,"Cherokee County, OK",40021,"Sep., 2019",2019/09,23,Not Applicable,Not Applicable
,"Cherokee County, OK",40021,"Oct., 2019",2019/10,20,Not Applicable,Not Applicable
,"Cherokee County, OK",40021,"Nov., 2019",2019/11,25,Not Applicable,Not Applicable
,"Cherokee County, OK",40021,"Dec., 2019",2019/12,23,Not Applicable,Not Applicable
,"Choctaw County, OK",40023,"Jan., 2019",2019/01,12,Not Applicable,Not Applicable
,"Choctaw County, OK",40023,"Feb., 2019",2019/02,10,Not Applicable,Not Applicable
,"Choctaw County, OK",40023,"Mar., 2019",2019/03,14,Not Applicable,Not Applicable
,"Choctaw County, OK",40023,"Apr., 2019",2019/04,10,Not Applicable,Not Applicable
,"Choctaw County, OK",40023,"May, 2019",2019/05,11,Not Applicable,Not Applicable
,"Choctaw County, OK",40023,"Jun., 2019",2019/06,Suppressed,Not Applicable,Not Applicable
,"Choctaw County, OK",40023,"Jul., 2019",2019/07,11,Not Applicable,Not Applicable
,"Choctaw County, OK",40023,"Aug., 2019",2019/08,Suppressed,Not Applicable,Not Applicable
,"Choctaw County, OK",40023,"Sep., 2019",2019/09,10,Not Applicable,Not Applicable
,"Choctaw County, OK",40023,"Oct., 2019",2019/10,14,Not Applicable,Not Applicable
,"Choctaw County, OK",40023,"Nov., 2019",2019/11,Suppressed,Not Applicable,Not Applicable
,"Choctaw County, OK",40023,"Dec., 2019",2019/12,13,Not Applicable,Not Applicable
,"Cimarron County, OK",40025,"Jan., 2019",2019/01,Suppressed,Not Applicable,Not Applicable
,"Cimarron County, OK",40025,"Feb., 2019",2019/02,Suppressed,Not Applicable,Not Applicable
,"Cimarron County, OK",40025,"Mar., 2019",2019/03,Suppressed,Not Applicable,Not Applicable
,"Cimarron County, OK",40025,"Apr., 2019",2019/04,Suppressed,Not Applicable,Not Applicable
,"Cimarron County, OK",40025,"May, 2019",2019/05,Suppressed,Not Applicable,Not Applicable
,"Cimarron County, OK",40025,"Jun., 2019",2019/06,Suppressed,Not Applicable,Not Applicable
,"Cimarron County, OK",40025,"Jul., 2019",2019/07,Suppressed,Not Applicable,Not Applicable
,"Cimarron County, OK",40025,"Aug., 2019",2019/08,Suppressed,Not Applicable,Not Applicable
,"Cimarron County, OK",40025,"Sep., 2019",2019/09,Suppressed,Not Applicable,Not Applicable
,"Cimarron County, OK",40025,"Oct., 2019",2019/10,Suppressed,Not Applicable,Not Applicable
,"Cimarron County, OK",40025,"Nov., 2019",2019/11,Suppressed,Not Applicable,Not Applicable
,"Cimarron County, OK",40025,"Dec., 2019",2019/12,Suppressed,Not Applicable,Not Applicable
,"Cleveland County, OK",40027,"Jan., 2019",2019/01,120,Not Applicable,Not Applicable
,"Cleveland County, OK",40027,"Feb., 2019",2019/02,108,Not Applicable,Not Applicable
,"Cleveland County, OK",40027,"Mar., 2019",2019/03,119,Not Applicable,Not Applicable
,"Cleveland County, OK",40027,"Apr., 2019",2019/04,115,Not Applicable,Not Applicable
,"Cleveland County, OK",40027,"May, 2019",2019/05,102,Not Applicable,Not Applicable
,"Cleveland County, OK",40027,"Jun., 2019",2019/06,108,Not Applicable,Not Applicable
,"Cleveland County, OK",40027,"Jul., 2019",2019/07,111,Not Applicable,Not Applicable
,"Cleveland County, OK",40027,"Aug., 2019",2019/08,96,Not Applicable,Not Applicable
,"Cleveland County, OK",40027,"Sep., 2019",2019/09,107,Not Applicable,Not Applicable
,"Cleveland County, OK",40027,"Oct., 2019",2019/10,95,Not Applicable,Not Applicable
,"Cleveland County, OK",40027,"Nov., 2019",2019/11,108,Not Applicable,Not Applicable
,"Cleveland County, OK",40027,"Dec., 2019",2019/12,110,Not Applicable,Not Applicable
,"Coal County, OK",40029,"Jan., 2019",2019/01,Suppressed,Not Applicable,Not Applicable
,"Coal County, OK",40029,"Feb., 2019",2019/02,10,Not Applicable,Not Applicable
,"Coal County, OK",40029,"Mar., 2019",2019/03,Suppressed,Not Applicable,Not Applicable
,"Coal County, OK",40029,"Apr., 2019",2019/04,Suppressed,Not Applicable,Not Applicable
,"Coal County, OK",40029,"May, 2019",2019/05,Suppressed,Not Applicable,Not Applicable
,"Coal County, OK",40029,"Jun., 2019",2019/06,Suppressed,Not Applicable,Not Applicable
,"Coal County, OK",40029,"Jul., 2019",2019/07,Suppressed,Not Applicable,Not Applicable
,"Coal County, OK",40029,"Aug., 2019",2019/08,Suppressed,Not Applicable,Not Applicable
,"Coal County, OK",40029,"Sep., 2019",2019/09,Suppressed,Not Applicable,Not Applicable
,"Coal County, OK",40029,"Oct., 2019",2019/10,Suppressed,Not Applicable,Not Applicable
,"Coal County, OK",40029,"Nov., 2019",2019/11,Suppressed,Not Applicable,Not Applicable
,"Coal County, OK",40029,"Dec., 2019",2019/12,Suppressed,Not Applicable,Not Applicable
,"Comanche County, OK",40031,"Jan., 2019",2019/01,56,Not Applicable,Not Applicable
,"Comanche County, OK",40031,"Feb., 2019",2019/02,46,Not Applicable,Not Applicable
,"Comanche County, OK",40031,"Mar., 2019",2019/03,49,Not Applicable,Not Applicable
,"Comanche County, OK",40031,"Apr., 2019",2019/04,54,Not Applicable,Not Applicable
,"Comanche County, OK",40031,"May, 2019",2019/05,52,Not Applicable,Not Applicable
,"Comanche County, OK",40031,"Jun., 2019",2019/06,40,Not Applicable,Not Applicable
,"Comanche County, OK",40031,"Jul., 2019",2019/07,43,Not Applicable,Not Applicable
,"Comanche County, OK",40031,"Aug., 2019",2019/08,59,Not Applicable,Not Applicable
,"Comanche County, OK",40031,"Sep., 2019",2019/09,43,Not Applicable,Not Applicable
,"Comanche County, OK",40031,"Oct., 2019",2019/10,45,Not Applicable,Not Applicable
,"Comanche County, OK",40031,"Nov., 2019",2019/11,50,Not Applicable,Not Applicable
,"Comanche County, OK",40031,"Dec., 2019",2019/12,74,Not Applicable,Not Applicable
,"Cotton County, OK",40033,"Jan., 2019",2019/01,Suppressed,Not Applicable,Not Applicable
,"Cotton County, OK",40033,"Feb., 2019",2019/02,Suppressed,Not Applicable,Not Applicable
,"Cotton County, OK",40033,"Mar., 2019",2019/03,Suppressed,Not Applicable,Not Applicable
,"Cotton County, OK",40033,"Apr., 2019",2019/04,Suppressed,Not Applicable,Not Applicable
,"Cotton County, OK",40033,"May, 2019",2019/05,Suppressed,Not Applicable,Not Applicable
,"Cotton County, OK",40033,"Jun., 2019",2019/06,Suppressed,Not Applicable,Not Applicable
,"Cotton County, OK",40033,"Jul., 2019",2019/07,Suppressed,Not Applicable,Not Applicable
,"Cotton County, OK",40033,"Aug., 2019",2019/08,Suppressed,Not Applicable,Not Applicable
,"Cotton County, OK",40033,"Sep., 2019",2019/09,Suppressed,Not Applicable,Not Applicable
,"Cotton County, OK",40033,"Oct., 2019",2019/10,Suppressed,Not Applicable,Not Applicable
,"Cotton County, OK",40033,"Nov., 2019",2019/11,Suppressed,Not Applicable,Not Applicable
,"Cotton County, OK",40033,"Dec., 2019",2019/12,Suppressed,Not Applicable,Not Applicable
,"Craig County, OK",40035,"Jan., 2019",2019/01,Suppressed,Not Applicable,Not Applicable
,"Craig County, OK",40035,"Feb., 2019",2019/02,Suppressed,Not Applicable,Not Applicable
,"Craig County, OK",40035,"Mar., 2019",2019/03,12,Not Applicable,Not Applicable
,"Craig County, OK",40035,"Apr., 2019",2019/04,Suppressed,Not Applicable,Not Applicable
,"Craig County, OK",40035,"May, 2019",2019/05,11,Not Applicable,Not Applicable
,"Craig County, OK",40035,"Jun., 2019",2019/06,10,Not Applicable,Not Applicable
,"Craig County, OK",40035,"Jul., 2019",2019/07,Suppressed,Not Applicable,Not Applicable
,"Craig County, OK",40035,"Aug., 2019",2019/08,13,Not Applicable,Not Applicable
,"Craig County, OK",40035,"Sep., 2019",2019/09,17,Not Applicable,Not Applicable
,"Craig County, OK",40035,"Oct., 2019",2019/10,11,Not Applicable,Not Applicable
,"Craig County, OK",40035,"Nov., 2019",2019/11,12,Not Applicable,Not Applicable
,"Craig County, OK",40035,"Dec., 2019",2019/12,Suppressed,Not Applicable,Not Applicable
,"Creek County, OK",40037,"Jan., 2019",2019/01,46,Not Applicable,Not Applicable
,"Creek County, OK",40037,"Feb., 2019",2019/02,43,Not Applicable,Not Applicable
,"Creek County, OK",40037,"Mar., 2019",2019/03,52,Not Applicable,Not Applicable
,"Creek County, OK",40037,"Apr., 2019",2019/04,38,Not Applicable,Not Applicable
,"Creek County, OK",40037,"May, 2019",2019/05,47,Not Applicable,Not Applicable
,"Creek County, OK",40037,"Jun., 2019",2019/06,33,Not Applicable,Not Applicable
,"Creek County, OK",40037,"Jul., 2019",2019/07,44,Not Applicable,Not Applicable
,"Creek County, OK",40037,"Aug., 2019",2019/08,40,Not Applicable,Not Applicable
,"Creek County, OK",40037,"Sep., 2019",2019/09,40,Not Applicable,Not Applicable
,"Creek County, OK",40037,"Oct., 2019",2019/10,38,Not Applicable,Not Applicable
,"Creek County, OK",40037,"Nov., 2019",2019/11,47,Not Applicable,Not Applicable
,"Creek County, OK",40037,"Dec., 2019",2019/12,41,Not Applicable,Not Applicable
,"Custer County, OK",40039,"Jan., 2019",2019/01,18,Not Applicable,Not Applicable
,"Custer County, OK",40039,"Feb., 2019",2019/02,20,Not Applicable,Not Applicable
,"Custer County, OK",40039,"Mar., 2019",2019/03,17,Not Applicable,Not Applicable
,"Custer County, OK",40039,"Apr., 2019",2019/04,21,Not Applicable,Not Applicable
,"Custer County, OK",40039,"May, 2019",2019/05,17,Not Applicable,Not Applicable
,"Custer County, OK",40039,"Jun., 2019",2019/06,21,Not Applicable,Not Applicable
,"Custer County, OK",40039,"Jul., 2019",2019/07,20,Not Applicable,Not Applicable
,"Custer County, OK",40039,"Aug., 2019",2019/08,18,Not Applicable,Not Applicable
,"Custer County, OK",40039,"Sep., 2019",2019/09,14,Not Applicable,Not Applicable
,"Custer County, OK",40039,"Oct., 2019",2019/10,15,Not Applicable,Not Applicable
,"Custer County, OK",40039,"Nov., 2019",2019/11,14,Not Applicable,Not Applicable
,"Custer County, OK",40039,"Dec., 2019",2019/12,22,Not Applicable,Not Applicable
,"Delaware County, OK",40041,"Jan., 2019",2019/01,30,Not Applicable,Not Applicable
,"Delaware County, OK",40041,"Feb., 2019",2019/02,36,Not Applicable,Not Applicable
,"Delaware County, OK",40041,"Mar., 2019",2019/03,25,Not Applicable,Not Applicable
,"Delaware County, OK",40041,"Apr., 2019",2019/04,42,Not Applicable,Not Applicable
,"Delaware County, OK",40041,"May, 2019",2019/05,23,Not Applicable,Not Applicable
,"Delaware County, OK",40041,"Jun., 2019",2019/06,22,Not Applicable,Not Applicable
,"Delaware County, OK",40041,"Jul., 2019",2019/07,24,Not Applicable,Not Applicable
,"Delaware County, OK",40041,"Aug., 2019",2019/08,34,Not Applicable,Not Applicable
,"Delaware County, OK",40041,"Sep., 2019",2019/09,29,Not Applicable,Not Applicable
,"Delaware County, OK",40041,"Oct., 2019",2019/10,13,Not Applicable,Not Applicable
,"Delaware County, OK",40041,"Nov., 2019",2019/11,30,Not Applicable,Not Applicable
,"Delaware County, OK",40041,"Dec., 2019",2019/12,28,Not Applicable,Not Applicable
,"Dewey County, OK",40043,"Jan., 2019",2019/01,Suppressed,Not Applicable,Not Applicable
,"Dewey County, OK",40043,"Feb., 2019",2019/02,Suppressed,Not Applicable,Not Applicable
,"Dewey County, OK",40043,"Mar., 2019",2019/03,Suppressed,Not Applicable,Not Applicable
,"Dewey County, OK",40043,"Apr., 2019",2019/04,Suppressed,Not Applicable,Not Applicable
,"Dewey County, OK",40043,"May, 2019",2019/05,Suppressed,Not Applicable,Not Applicable
,"Dewey County, OK",40043,"Jun., 2019",2019/06,Suppressed,Not Applicable,Not Applicable
,"Dewey County, OK",40043,"Jul., 2019",2019/07,Suppressed,Not Applicable,Not Applicable
,"Dewey County, OK",40043,"Aug., 2019",2019/08,Suppressed,Not Applicable,Not Applicable
,"Dewey County, OK",40043,"Sep., 2019",2019/09,Suppressed,Not Applicable,Not Applicable
,"Dewey County, OK",40043,"Oct., 2019",2019/10,Suppressed,Not Applicable,Not Applicable
,"Dewey County, OK",40043,"Nov., 2019",2019/11,Suppressed,Not Applicable,Not Applicable
,"Dewey County, OK",40043,"Dec., 2019",2019/12,Suppressed,Not Applicable,Not Applicable
,"Ellis County, OK",40045,"Jan., 2019",2019/01,0,Not Applicable,Not Applicable
,"Ellis County, OK",40045,"Feb., 2019",2019/02,Suppressed,Not Applicable,Not Applicable
,"Ellis County, OK",40045,"Mar., 2019",2019/03,Suppressed,Not Applicable,Not Applicable
,"Ellis County, OK",40045,"Apr., 2019",2019/04,Suppressed,Not Applicable,Not Applicable
,"Ellis County, OK",40045,"May, 2019",2019/05,0,Not Applicable,Not Applicable
,"Ellis County, OK",40045,"Jun., 2019",2019/06,Suppressed,Not Applicable,Not Applicable
,"Ellis County, OK",40045,"Jul., 2019",2019/07,Suppressed,Not Applicable,Not Applicable
,"Ellis County, OK",40045,"Aug., 2019",2019/08,Suppressed,Not Applicable,Not Applicable
,"Ellis County, OK",40045,"Sep., 2019",2019/09,Suppressed,Not Applicable,Not Applicable
,"Ellis County, OK",40045,"Oct., 2019",2019/10,Suppressed,Not Applicable,Not Applicable
,"Ellis County, OK",40045,"Nov., 2019",2019/11,Suppressed,Not Applicable,Not Applicable
,"Ellis County, OK",40045,"Dec., 2019",2019/12,Suppressed,Not Applicable,Not Applicable
,"Garfield County, OK",40047,"Jan., 2019",2019/01,51,Not Applicable,Not Applicable
,"Garfield County, OK",40047,"Feb., 2019",2019/02,34,Not Applicable,Not Applicable
,"Garfield County, OK",40047,"Mar., 2019",2019/03,54,Not Applicable,Not Applicable
,"Garfield County, OK",40047,"Apr., 2019",2019/04,37,Not Applicable,Not Applicable
,"Garfield County, OK",40047,"May, 2019",2019/05,36,Not Applicable,Not Applicable
,"Garfield County, OK",40047,"Jun., 2019",2019/06,40,Not Applicable,Not Applicable
,"Garfield County, OK",40047,"Jul., 2019",2019/07,44,Not Applicable,Not Applicable
,"Garfield County, OK",40047,"Aug., 2019",2019/08,38,Not Applicable,Not Applicable
,"Garfield County, OK",40047,"Sep., 2019",2019/09,36,Not Applicable,Not Applicable
,"Garfield County, OK",40047,"Oct., 2019",2019/10,42,Not Applicable,Not Applicable
,"Garfield County, OK",40047,"Nov., 2019",2019/11,44,Not Applicable,Not Applicable
,"Garfield County, OK",40047,"Dec., 2019",2019/12,37,Not Applicable,Not Applicable
,"Garvin County, OK",40049,"Jan., 2019",2019/01,17,Not Applicable,Not Applicable
,"Garvin County, OK",40049,"Feb., 2019",2019/02,18,Not Applicable,Not Applicable
,"Garvin County, OK",40049,"Mar., 2019",2019/03,13,Not Applicable,Not Applicable
,"Garvin County, OK",40049,"Apr., 2019",2019/04,19,Not Applicable,Not Applicable
,"Garvin County, OK",40049,"May, 2019",2019/05,13,Not Applicable,Not Applicable
,"Garvin County, OK",40049,"Jun., 2019",2019/06,16,Not Applicable,Not Applicable
,"Garvin County, OK",40049,"Jul., 2019",2019/07,19,Not Applicable,Not Applicable
,"Garvin County, OK",40049,"Aug., 2019",2019/08,18,Not Applicable,Not Applicable
,"Garvin County, OK",40049,"Sep., 2019",2019/09,19,Not Applicable,Not Applicable
,"Garvin County, OK",40049,"Oct., 2019",2019/10,14,Not Applicable,Not Applicable
,"Garvin County, OK",40049,"Nov., 2019",2019/11,14,Not Applicable,Not Applicable
,"Garvin County, OK",40049,"Dec., 2019",2019/12,18,Not Applicable,Not Applicable
,"Grady County, OK",40051,"Jan., 2019",2019/01,30,Not Applicable,Not Applicable
,"Grady County, OK",40051,"Feb., 2019",2019/02,29,Not Applicable,Not Applicable
,"Grady County, OK",40051,"Mar., 2019",2019/03,39,Not Applicable,Not Applicable
,"Grady County, OK",40051,"Apr., 2019",2019/04,28,Not Applicable,Not Applicable
,"Grady County, OK",40051,"May, 2019",2019/05,34,Not Applicable,Not Applicable
,"Grady County, OK",40051,"Jun., 2019",2019/06,32,Not Applicable,Not Applicable
,"Grady County, OK",40051,"Jul., 2019",2019/07,23,Not Applicable,Not Applicable
,"Grady County, OK",40051,"Aug., 2019",2019/08,31,Not Applicable,Not Applicable
,"Grady County, OK",40051,"Sep., 2019",2019/09,26,Not Applicable,Not Applicable
,"Grady County, OK",40051,"Oct., 2019",2019/10,37,Not Applicable,Not Applicable
,"Grady County, OK",40051,"Nov., 2019",2019/11,25,Not Applicable,Not Applicable
,"Grady County, OK",40051,"Dec., 2019",2019/12,28,Not Applicable,Not Applicable
,"Grant County, OK",40053,"Jan., 2019",2019/01,Suppressed,Not Applicable,Not Applicable
,"Grant County, OK",40053,"Feb., 2019",2019/02,Suppressed,Not Applicable,Not Applicable
,"Grant County, OK",40053,"Mar., 2019",2019/03,Suppressed,Not Applicable,Not Applicable
,"Grant County, OK",40053,"Apr., 2019",2019/04,Suppressed,Not Applicable,Not Applicable
,"Grant County, OK",40053,"May, 2019",2019/05,Suppressed,Not Applicable,Not Applicable
,"Grant County, OK",40053,"Jun., 2019",2019/06,Suppressed,Not Applicable,Not Applicable
,"Grant County, OK",40053,"Jul., 2019",2019/07,Suppressed,Not Applicable,Not Applicable
,"Grant County, OK",40053,"Aug., 2019",2019/08,Suppressed,Not Applicable,Not Applicable
,"Grant County, OK",40053,"Sep., 2019",2019/09,Suppressed,Not Applicable,Not Applicable
,"Grant County, OK",40053,"Oct., 2019",2019/10,0,Not Applicable,Not Applicable
,"Grant County, OK",40053,"Nov., 2019",2019/11,Suppressed,Not Applicable,Not Applicable
,"Grant County, OK",40053,"Dec., 2019",2019/12,Suppressed,Not Applicable,Not Applicable
,"Greer County, OK",40055,"Jan., 2019",2019/01,Suppressed,Not Applicable,Not Applicable
,"Greer County, OK",40055,"Feb., 2019",2019/02,Suppressed,Not Applicable,Not Applicable
,"Greer County, OK",40055,"Mar., 2019",2019/03,Suppressed,Not Applicable,Not Applicable
,"Greer County, OK",40055,"Apr., 2019",2019/04,Suppressed,Not Applicable,Not Applicable
,"Greer County, OK",40055,"May, 2019",2019/05,Suppressed,Not Applicable,Not Applicable
,"Greer County, OK",40055,"Jun., 2019",2019/06,Suppressed,Not Applicable,Not Applicable
,"Greer County, OK",40055,"Jul., 2019",2019/07,Suppressed,Not Applicable,Not Applicable
,"Greer County, OK",40055,"Aug., 2019",2019/08,Suppressed,Not Applicable,Not Applicable
,"Greer County, OK",40055,"Sep., 2019",2019/09,Suppressed,Not Applicable,Not Applicable
,"Greer County, OK",40055,"Oct., 2019",2019/10,Suppressed,Not Applicable,Not Applicable
,"Greer County, OK",40055,"Nov., 2019",2019/11,Suppressed,Not Applicable,Not Applicable
,"Greer County, OK",40055,"Dec., 2019",2019/12,Suppressed,Not Applicable,Not Applicable
,"Harmon County, OK",40057,"Jan., 2019",2019/01,Suppressed,Not Applicable,Not Applicable
,"Harmon County, OK",40057,"Feb., 2019",2019/02,0,Not Applicable,Not Applicable
,"Harmon County, OK",40057,"Mar., 2019",2019/03,Suppressed,Not Applicable,Not Applicable
,"Harmon County, OK",40057,"Apr., 2019",2019/04,Suppressed,Not Applicable,Not Applicable
,"Harmon County, OK",40057,"May, 2019",2019/05,0,Not Applicable,Not Applicable
,"Harmon County, OK",40057,"Jun., 2019",2019/06,Suppressed,Not Applicable,Not Applicable
,"Harmon County, OK",40057,"Jul., 2019",2019/07,Suppressed,Not Applicable,Not Applicable
,"Harmon County, OK",40057,"Aug., 2019",2019/08,Suppressed,Not Applicable,Not Applicable
,"Harmon County, OK",40057,"Sep., 2019",2019/09,Suppressed,Not Applicable,Not Applicable
,"Harmon County, OK",40057,"Oct., 2019",2019/10,0,Not Applicable,Not Applicable
,"Harmon County, OK",40057,"Nov., 2019",2019/11,Suppressed,Not Applicable,Not Applicable
,"Harmon County, OK",40057,"Dec., 2019",2019/12,Suppressed,Not Applicable,Not Applicable
,"Harper County, OK",40059,"Jan., 2019",2019/01,Suppressed,Not Applicable,Not Applicable
,"Harper County, OK",40059,"Feb., 2019",2019/02,Suppressed,Not Applicable,Not Applicable
,"Harper County, OK",40059,"Mar., 2019",2019/03,Suppressed,Not Applicable,Not Applicable
,"Harper County, OK",40059,"Apr., 2019",2019/04,Suppressed,Not Applicable,Not Applicable
,"Harper County, OK",40059,"May, 2019",2019/05,Suppressed,Not Applicable,Not Applicable
,"Harper County, OK",40059,"Jun., 2019",2019/06,Suppressed,Not Applicable,Not Applicable
,"Harper County, OK",40059,"Jul., 2019",2019/07,Suppressed,Not Applicable,Not Applicable
,"Harper County, OK",40059,"Aug., 2019",2019/08,Suppressed,Not Applicable,Not Applicable
,"Harper County, OK",40059,"Sep., 2019",2019/09,Suppressed,Not Applicable,Not Applicable
,"Harper County, OK",40059,"Oct., 2019",2019/10,Suppressed,Not Applicable,Not Applicable
,"Harper County, OK",40059,"Nov., 2019",2019/11,Suppressed,Not Applicable,Not Applicable
,"Harper County, OK",40059,"Dec., 2019",2019/12,Suppressed,Not Applicable,Not Applicable
,"Haskell County, OK",40061,"Jan., 2019",2019/01,12,Not Applicable,Not Applicable
,"Haskell County, OK",40061,"Feb., 2019",2019/02,10,Not Applicable,Not Applicable
,"Haskell County, OK",40061,"Mar., 2019",2019/03,10,Not Applicable,Not Applicable
,"Haskell County, OK",40061,"Apr., 2019",2019/04,Suppressed,Not Applicable,Not Applicable
,"Haskell County, OK",40061,"May, 2019",2019/05,Suppressed,Not Applicable,Not Applicable
,"Haskell County, OK",40061,"Jun., 2019",2019/06,Suppressed,Not Applicable,Not Applicable
,"Haskell County, OK",40061,"Jul., 2019",2019/07,Suppressed,Not Applicable,Not Applicable
,"Haskell County, OK",40061,"Aug., 2019",2019/08,10,Not Applicable,Not Applicable
,"Haskell County, OK",40061,"Sep., 2019",2019/09,12,Not Applicable,Not Applicable
,"Haskell County, OK",40061,"Oct., 2019",2019/10,Suppressed,Not Applicable,Not Applicable
,"Haskell County, OK",40061,"Nov., 2019",2019/11,14,Not Applicable,Not Applicable
,"Haskell County, OK",40061,"Dec., 2019",2019/12,Suppressed,Not Applicable,Not Applicable
,"Hughes County, OK",40063,"Jan., 2019",2019/01,Suppressed,Not Applicable,Not Applicable
,"Hughes County, OK",40063,"Feb., 2019",2019/02,12,Not Applicable,Not Applicable
,"Hughes County, OK",40063,"Mar., 2019",2019/03,12,Not Applicable,Not Applicable
,"Hughes County, OK",40063,"Apr., 2019",2019/04,13,Not Applicable,Not Applicable
,"Hughes County, OK",40063,"May, 2019",2019/05,Suppressed,Not Applicable,Not Applicable
,"Hughes County, OK",40063,"Jun., 2019",2019/06,Suppressed,Not Applicable,Not Applicable
,"Hughes County, OK",40063,"Jul., 2019",2019/07,Suppressed,Not Applicable,Not Applicable
,"Hughes County, OK",40063,"Aug., 2019",2019/08,Suppressed,Not Applicable,Not Applicable
,"Hughes County, OK",40063,"Sep., 2019",2019/09,Suppressed,Not Applicable,Not Applicable
,"Hughes County, OK",40063,"Oct., 2019",2019/10,10,Not Applicable,Not Applicable
,"Hughes County, OK",40063,"Nov., 2019",2019/11,13,Not Applicable,Not Applicable
,"Hughes County, OK",40063,"Dec., 2019",2019/12,Suppressed,Not Applicable,Not Applicable
,"Jackson County, OK",40065,"Jan., 2019",2019/01,14,Not Applicable,Not Applicable
,"Jackson County, OK",40065,"Feb., 2019",2019/02,12,Not Applicable,Not Applicable
,"Jackson County, OK",40065,"Mar., 2019",2019/03,18,Not Applicable,Not Applicable
,"Jackson County, OK",40065,"Apr., 2019",2019/04,13,Not Applicable,Not Applicable
,"Jackson County, OK",40065,"May, 2019",2019/05,15,Not Applicable,Not Applicable
,"Jackson County, OK",40065,"Jun., 2019",2019/06,14,Not Applicable,Not Applicable
,"Jackson County, OK",40065,"Jul., 2019",2019/07,13,Not Applicable,Not Applicable
,"Jackson County, OK",40065,"Aug., 2019",2019/08,11,Not Applicable,Not Applicable
,"Jackson County, OK",40065,"Sep., 2019",2019/09,Suppressed,Not Applicable,Not Applicable
,"Jackson County, OK",40065,"Oct., 2019",2019/10,11,Not Applicable,Not Applicable
,"Jackson County, OK",40065,"Nov., 2019",2019/11,13,Not Applicable,Not Applicable
,"Jackson County, OK",40065,"Dec., 2019",2019/12,13,Not Applicable,Not Applicable
,"Jefferson County, OK",40067,"Jan., 2019",2019/01,Suppressed,Not Applicable,Not Applicable
,"Jefferson County, OK",40067,"Feb., 2019",2019/02,Suppressed,Not Applicable,Not Applicable
,"Jefferson County, OK",40067,"Mar., 2019",2019/03,Suppressed,Not Applicable,Not Applicable
,"Jefferson County, OK",40067,"Apr., 2019",2019/04,Suppressed,Not Applicable,Not Applicable
,"Jefferson County, OK",40067,"May, 2019",2019/05,Suppressed,Not Applicable,Not Applicable
,"Jefferson County, OK",40067,"Jun., 2019",2019/06,Suppressed,Not Applicable,Not Applicable
,"Jefferson County, OK",40067,"Jul., 2019",2019/07,0,Not Applicable,Not Applicable
,"Jefferson County, OK",40067,"Aug., 2019",2019/08,Suppressed,Not Applicable,Not Applicable
,"Jefferson County, OK",40067,"Sep., 2019",2019/09,Suppressed,Not Applicable,Not Applicable
,"Jefferson County, OK",40067,"Oct., 2019",2019/10,Suppressed,Not Applicable,Not Applicable
,"Jefferson County, OK",40067,"Nov., 2019",2019/11,Suppressed,Not Applicable,Not Applicable
,"Jefferson County, OK",40067,"Dec., 2019",2019/12,Suppressed,Not Applicable,Not Applicable
,"Johnston County, OK",40069,"Jan., 2019",2019/01,Suppressed,Not Applicable,Not Applicable
,"Johnston County, OK",40069,"Feb., 2019",2019/02,Suppressed,Not Applicable,Not Applicable
,"Johnston County, OK",40069,"Mar., 2019",2019/03,Suppressed,Not Applicable,Not Applicable
,"Johnston County, OK",40069,"Apr., 2019",2019/04,Suppressed,Not Applicable,Not Applicable
,"Johnston County, OK",40069,"May, 2019",2019/05,Suppressed,Not Applicable,Not Applicable
,"Johnston County, OK",40069,"Jun., 2019",2019/06,Suppressed,Not Applicable,Not Applicable
,"Johnston County, OK",40069,"Jul., 2019",2019/07,Suppressed,Not Applicable,Not Applicable
,"Johnston County, OK",40069,"Aug., 2019",2019/08,Suppressed,Not Applicable,Not Applicable
,"Johnston County, OK",40069,"Sep., 2019",2019/09,Suppressed,Not Applicable,Not Applicable
,"Johnston County, OK",40069,"Oct., 2019",2019/10,Suppressed,Not Applicable,Not Applicable
,"Johnston County, OK",40069,"Nov., 2019",2019/11,10,Not Applicable,Not Applicable
,"Johnston County, OK",40069,"Dec., 2019",2019/12,Suppressed,Not Applicable,Not Applicable
,"Kay County, OK",40071,"Jan., 2019",2019/01,29,Not Applicable,Not Applicable
,"Kay County, OK",40071,"Feb., 2019",2019/02,34,Not Applicable,Not Applicable
,"Kay County, OK",40071,"Mar., 2019",2019/03,37,Not Applicable,Not Applicable
,"Kay County, OK",40071,"Apr., 2019",2019/04,33,Not Applicable,Not Applicable
,"Kay County, OK",40071,"May, 2019",2019/05,31,Not Applicable,Not Applicable
,"Kay County, OK",40071,"Jun., 2019",2019/06,31,Not Applicable,Not Applicable
,"Kay County, OK",40071,"Jul., 2019",2019/07,29,Not Applicable,Not Applicable
,"Kay County, OK",40071,"Aug., 2019",2019/08,32,Not Applicable,Not Applicable
,"Kay County, OK",40071,"Sep., 2019",2019/09,32,Not Applicable,Not Applicable
,"Kay County, OK",40071,"Oct., 2019",2019/10,30,Not Applicable,Not Applicable
,"Kay County, OK",40071,"Nov., 2019",2019/11,28,Not Applicable,Not Applicable
,"Kay County, OK",40071,"Dec., 2019",2019/12,30,Not Applicable,Not Applicable
,"Kingfisher County, OK",40073,"Jan., 2019",2019/01,17,Not Applicable,Not Applicable
,"Kingfisher County, OK",40073,"Feb., 2019",2019/02,12,Not Applicable,Not Applicable
,"Kingfisher County, OK",40073,"Mar., 2019",2019/03,Suppressed,Not Applicable,Not Applicable
,"Kingfisher County, OK",40073,"Apr., 2019",2019/04,11,Not Applicable,Not Applicable
,"Kingfisher County, OK",40073,"May, 2019",2019/05,10,Not Applicable,Not Applicable
,"Kingfisher County, OK",40073,"Jun., 2019",2019/06,Suppressed,Not Applicable,Not Applicable
,"Kingfisher County, OK",40073,"Jul., 2019",2019/07,Suppressed,Not Applicable,Not Applicable
,"Kingfisher County, OK",40073,"Aug., 2019",2019/08,Suppressed,Not Applicable,Not Applicable
,"Kingfisher County, OK",40073,"Sep., 2019",2019/09,17,Not Applicable,Not Applicable
,"Kingfisher County, OK",40073,"Oct., 2019",2019/10,Suppressed,Not Applicable,Not Applicable
,"Kingfisher County, OK",40073,"Nov., 2019",2019/11,Suppressed,Not Applicable,Not Applicable
,"Kingfisher County, OK",40073,"Dec., 2019",2019/12,13,Not Applicable,Not Applicable
,"Kiowa County, OK",40075,"Jan., 2019",2019/01,Suppressed,Not Applicable,Not Applicable
,"Kiowa County, OK",40075,"Feb., 2019",2019/02,13,Not Applicable,Not Applicable
,"Kiowa County, OK",40075,"Mar., 2019",2019/03,10,Not Applicable,Not Applicable
,"Kiowa County, OK",40075,"Apr., 2019",2019/04,Suppressed,Not Applicable,Not Applicable
,"Kiowa County, OK",40075,"May, 2019",2019/05,15,Not Applicable,Not Applicable
,"Kiowa County, OK",40075,"Jun., 2019",2019/06,Suppressed,Not Applicable,Not Applicable
,"Kiowa County, OK",40075,"Jul., 2019",2019/07,Suppressed,Not Applicable,Not Applicable
,"Kiowa County, OK",40075,"Aug., 2019",2019/08,Suppressed,Not Applicable,Not Applicable
,"Kiowa County, OK",40075,"Sep., 2019",2019/09,10,Not Applicable,Not Applicable
,"Kiowa County, OK",40075,"Oct., 2019",2019/10,Suppressed,Not Applicable,Not Applicable
,"Kiowa County, OK",40075,"Nov., 2019",2019/11,10,Not Applicable,Not Applicable
,"Kiowa County, OK",40075,"Dec., 2019",2019/12,13,Not Applicable,Not Applicable
,"Latimer County, OK",40077,"Jan., 2019",2019/01,Suppressed,Not Applicable,Not Applicable
,"Latimer County, OK",40077,"Feb., 2019",2019/02,Suppressed,Not Applicable,Not Applicable
,"Latimer County, OK",40077,"Mar., 2019",2019/03,Suppressed,Not Applicable,Not Applicable
,"Latimer County, OK",40077,"Apr., 2019",2019/04,Suppressed,Not Applicable,Not Applicable
,"Latimer County, OK",40077,"May, 2019",2019/05,Suppressed,Not Applicable,Not Applicable
,"Latimer County, OK",40077,"Jun., 2019",2019/06,Suppressed,Not Applicable,Not Applicable
,"Latimer County, OK",40077,"Jul., 2019",2019/07,Suppressed,Not Applicable,Not Applicable
,"Latimer County, OK",40077,"Aug., 2019",2019/08,Suppressed,Not Applicable,Not Applicable
,"Latimer County, OK",40077,"Sep., 2019",2019/09,Suppressed,Not Applicable,Not Applicable
,"Latimer County, OK",40077,"Oct., 2019",2019/10,Suppressed,Not Applicable,Not Applicable
,"Latimer County, OK",40077,"Nov., 2019",2019/11,Suppressed,Not Applicable,Not Applicable
,"Latimer County, OK",40077,"Dec., 2019",2019/12,Suppressed,Not Applicable,Not Applicable
,"Le Flore County, OK",40079,"Jan., 2019",2019/01,32,Not Applicable,Not Applicable
,"Le Flore County, OK",40079,"Feb., 2019",2019/02,28,Not Applicable,Not Applicable
,"Le Flore County, OK",40079,"Mar., 2019",2019/03,38,Not Applicable,Not Applicable
,"Le Flore County, OK",40079,"Apr., 2019",2019/04,35,Not Applicable,Not Applicable
,"Le Flore County, OK",40079,"May, 2019",2019/05,28,Not Applicable,Not Applicable
,"Le Flore County, OK",40079,"Jun., 2019",2019/06,25,Not Applicable,Not Applicable
,"Le Flore County, OK",40079,"Jul., 2019",2019/07,31,Not Applicable,Not Applicable
,"Le Flore County, OK",40079,"Aug., 2019",2019/08,33,Not Applicable,Not Applicable
,"Le Flore County, OK",40079,"Sep., 2019",2019/09,41,Not Applicable,Not Applicable
,"Le Flore County, OK",40079,"Oct., 2019",2019/10,24,Not Applicable,Not Applicable
,"Le Flore County, OK",40079,"Nov., 2019",2019/11,40,Not Applicable,Not Applicable
,"Le Flore County, OK",40079,"Dec., 2019",2019/12,44,Not Applicable,Not Applicable
,"Lincoln County, OK",40081,"Jan., 2019",2019/01,21,Not Applicable,Not Applicable
,"Lincoln County, OK",40081,"Feb., 2019",2019/02,13,Not Applicable,Not Applicable
,"Lincoln County, OK",40081,"Mar., 2019",2019/03,18,Not Applicable,Not Applicable
,"Lincoln County, OK",40081,"Apr., 2019",2019/04,16,Not Applicable,Not Applicable
,"Lincoln County, OK",40081,"May, 2019",2019/05,15,Not Applicable,Not Applicable
,"Lincoln County, OK",40081,"Jun., 2019",2019/06,11,Not Applicable,Not Applicable
,"Lincoln County, OK",40081,"Jul., 2019",2019/07,25,Not Applicable,Not Applicable
,"Lincoln County, OK",40081,"Aug., 2019",2019/08,14,Not Applicable,Not Applicable
,"Lincoln County, OK",40081,"Sep., 2019",2019/09,20,Not Applicable,Not Applicable
,"Lincoln County, OK",40081,"Oct., 2019",2019/10,16,Not Applicable,Not Applicable
,"Lincoln County, OK",40081,"Nov., 2019",2019/11,21,Not Applicable,Not Applicable
,"Lincoln County, OK",40081,"Dec., 2019",2019/12,18,Not Applicable,Not Applicable
,"Logan County, OK",40083,"Jan., 2019",2019/01,28,Not Applicable,Not Applicable
,"Logan County, OK",40083,"Feb., 2019",2019/02,21,Not Applicable,Not Applicable
,"Logan County, OK",40083,"Mar., 2019",2019/03,25,Not Applicable,Not Applicable
,"Logan County, OK",40083,"Apr., 2019",2019/04,23,Not Applicable,Not Applicable
,"Logan County, OK",40083,"May, 2019",2019/05,10,Not Applicable,Not Applicable
,"Logan County, OK",40083,"Jun., 2019",2019/06,19,Not Applicable,Not Applicable
,"Logan County, OK",40083,"Jul., 2019",2019/07,15,Not Applicable,Not Applicable
,"Logan County, OK",40083,"Aug., 2019",2019/08,19,Not Applicable,Not Applicable
,"Logan County, OK",40083,"Sep., 2019",2019/09,16,Not Applicable,Not Applicable
,"Logan County, OK",40083,"Oct., 2019",2019/10,23,Not Applicable,Not Applicable
,"Logan County, OK",40083,"Nov., 2019",2019/11,23,Not Applicable,Not Applicable
,"Logan County, OK",40083,"Dec., 2019",2019/12,20,Not Applicable,Not Applicable
,"Love County, OK",40085,"Jan., 2019",2019/01,Suppressed,Not Applicable,Not Applicable
,"Love County, OK",40085,"Feb., 2019",2019/02,Suppressed,Not Applicable,Not Applicable
,"Love County, OK",40085,"Mar., 2019",2019/03,Suppressed,Not Applicable,Not Applicable
,"Love County, OK",40085,"Apr., 2019",2019/04,Suppressed,Not Applicable,Not Applicable
,"Love County, OK",40085,"May, 2019",2019/05,Suppressed,Not Applicable,Not Applicable
,"Love County, OK",40085,"Jun., 2019",2019/06,Suppressed,Not Applicable,Not Applicable
,"Love County, OK",40085,"Jul., 2019",2019/07,Suppressed,Not Applicable,Not Applicable
,"Love County, OK",40085,"Aug., 2019",2019/08,Suppressed,Not Applicable,Not Applicable
,"Love County, OK",40085,"Sep., 2019",2019/09,12,Not Applicable,Not Applicable
,"Love County, OK",40085,"Oct., 2019",2019/10,Suppressed,Not Applicable,Not Applicable
,"Love County, OK",40085,"Nov., 2019",2019/11,Suppressed,Not Applicable,Not Applicable
,"Love County, OK",40085,"Dec., 2019",2019/12,Suppressed,Not Applicable,Not Applicable
,"McClain County, OK",40087,"Jan., 2019",2019/01,15,Not Applicable,Not Applicable
,"McClain County, OK",40087,"Feb., 2019",2019/02,17,Not Applicable,Not Applicable
,"McClain County, OK",40087,"Mar., 2019",2019/03,33,Not Applicable,Not Applicable
,"McClain County, OK",40087,"Apr., 2019",2019/04,14,Not Applicable,Not Applicable
,"McClain County, OK",40087,"May, 2019",2019/05,20,Not Applicable,Not Applicable
,"McClain County, OK",40087,"Jun., 2019",2019/06,12,Not Applicable,Not Applicable
,"McClain County, OK",40087,"Jul., 2019",2019/07,13,Not Applicable,Not Applicable
,"McClain County, OK",40087,"Aug., 2019",2019/08,13,Not Applicable,Not Applicable
,"McClain County, OK",40087,"Sep., 2019",2019/09,12,Not Applicable,Not Applicable
,"McClain County, OK",40087,"Oct., 2019",2019/10,19,Not Applicable,Not Applicable
,"McClain County, OK",40087,"Nov., 2019",2019/11,19,Not Applicable,Not Applicable
,"McClain County, OK",40087,"Dec., 2019",2019/12,17,Not Applicable,Not Applicable
,"McCurtain County, OK",40089,"Jan., 2019",2019/01,21,Not Applicable,Not Applicable
,"McCurtain County, OK",40089,"Feb., 2019",2019/02,25,Not Applicable,Not Applicable
,"McCurtain County, OK",40089,"Mar., 2019",2019/03,23,Not Applicable,Not Applicable
,"McCurtain County, OK",40089,"Apr., 2019",2019/04,20,Not Applicable,Not Applicable
,"McCurtain County, OK",40089,"May, 2019",2019/05,14,Not Applicable,Not Applicable
,"McCurtain County, OK",40089,"Jun., 2019",2019/06,23,Not Applicable,Not Applicable
,"McCurtain County, OK",40089,"Jul., 2019",2019/07,19,Not Applicable,Not Applicable
,"McCurtain County, OK",40089,"Aug., 2019",2019/08,21,Not Applicable,Not Applicable
,"McCurtain County, OK",40089,"Sep., 2019",2019/09,23,Not Applicable,Not Applicable
,"McCurtain County, OK",40089,"Oct., 2019",2019/10,12,Not Applicable,Not Applicable
,"McCurtain County, OK",40089,"Nov., 2019",2019/11,16,Not Applicable,Not Applicable
,"McCurtain County, OK",40089,"Dec., 2019",2019/12,25,Not Applicable,Not Applicable
,"McIntosh County, OK",40091,"Jan., 2019",2019/01,10,Not Applicable,Not Applicable
,"McIntosh County, OK",40091,"Feb., 2019",2019/02,21,Not Applicable,Not Applicable
,"McIntosh County, OK",40091,"Mar., 2019",2019/03,20,Not Applicable,Not Applicable
,"McIntosh County, OK",40091,"Apr., 2019",2019/04,10,Not Applicable,Not Applicable
,"McIntosh County, OK",40091,"May, 2019",2019/05,13,Not Applicable,Not Applicable
,"McIntosh County, OK",40091,"Jun., 2019",2019/06,10,Not Applicable,Not Applicable
,"McIntosh County, OK",40091,"Jul., 2019",2019/07,12,Not Applicable,Not Applicable
,"McIntosh County, OK",40091,"Aug., 2019",2019/08,Suppressed,Not Applicable,Not Applicable
,"McIntosh County, OK",40091,"Sep., 2019",2019/09,22,Not Applicable,Not Applicable
,"McIntosh County, OK",40091,"Oct., 2019",2019/10,Suppressed,Not Applicable,Not Applicable
,"McIntosh County, OK",40091,"Nov., 2019",2019/11,10,Not Applicable,Not Applicable
,"McIntosh County, OK",40091,"Dec., 2019",2019/12,18,Not Applicable,Not Applicable
,"Major County, OK",40093,"Jan., 2019",2019/01,Suppressed,Not Applicable,Not Applicable
,"Major County, OK",40093,"Feb., 2019",2019/02,Suppressed,Not Applicable,Not Applicable
,"Major County, OK",40093,"Mar., 2019",2019/03,Suppressed,Not Applicable,Not Applicable
,"Major County, OK",40093,"Apr., 2019",2019/04,Suppressed,Not Applicable,Not Applicable
,"Major County, OK",40093,"May, 2019",2019/05,Suppressed,Not Applicable,Not Applicable
,"Major County, OK",40093,"Jun., 2019",2019/06,Suppressed,Not Applicable,Not Applicable
,"Major County, OK",40093,"Jul., 2019",2019/07,Suppressed,Not Applicable,Not Applicable
,"Major County, OK",40093,"Aug., 2019",2019/08,Suppressed,Not Applicable,Not Applicable
,"Major County, OK",40093,"Sep., 2019",2019/09,Suppressed,Not Applicable,Not Applicable
,"Major County, OK",40093,"Oct., 2019",2019/10,Suppressed,Not Applicable,Not Applicable
,"Major County, OK",40093,"Nov., 2019",2019/11,Suppressed,Not Applicable,Not Applicable
,"Major County, OK",40093,"Dec., 2019",2019/12,Suppressed,Not Applicable,Not Applicable
,"Marshall County, OK",40095,"Jan., 2019",2019/01,12,Not Applicable,Not Applicable
,"Marshall County, OK",40095,"Feb., 2019",2019/02,Suppressed,Not Applicable,Not Applicable
,"Marshall County, OK",40095,"Mar., 2019",2019/03,12,Not Applicable,Not Applicable
,"Marshall County, OK",40095,"Apr., 2019",2019/04,Suppressed,Not Applicable,Not Applicable
,"Marshall County, OK",40095,"May, 2019",2019/05,12,Not Applicable,Not Applicable
,"Marshall County, OK",40095,"Jun., 2019",2019/06,Suppressed,Not Applicable,Not Applicable
,"Marshall County, OK",40095,"Jul., 2019",2019/07,10,Not Applicable,Not Applicable
,"Marshall County, OK",40095,"Aug., 2019",2019/08,Suppressed,Not Applicable,Not Applicable
,"Marshall County, OK",40095,"Sep., 2019",2019/09,13,Not Applicable,Not Applicable
,"Marshall County, OK",40095,"Oct., 2019",2019/10,Suppressed,Not Applicable,Not Applicable
,"Marshall County, OK",40095,"Nov., 2019",2019/11,11,Not Applicable,Not Applicable
,"Marshall County, OK",40095,"Dec., 2019",2019/12,Suppressed,Not Applicable,Not Applicable
,"Mayes County, OK",40097,"Jan., 2019",2019/01,24,Not Applicable,Not Applicable
,"Mayes County, OK",40097,"Feb., 2019",2019/02,27,Not Applicable,Not Applicable
,"Mayes County, OK",40097,"Mar., 2019",2019/03,36,Not Applicable,Not Applicable
,"Mayes County, OK",40097,"Apr., 2019",2019/04,23,Not Applicable,Not Applicable
,"Mayes County, OK",40097,"May, 2019",2019/05,22,Not Applicable,Not Applicable
,"Mayes County, OK",40097,"Jun., 2019",2019/06,21,Not Applicable,Not Applicable
,"Mayes County, OK",40097,"Jul., 2019",2019/07,27,Not Applicable,Not Applicable
,"Mayes County, OK",40097,"Aug., 2019",2019/08,21,Not Applicable,Not Applicable
,"Mayes County, OK",40097,"Sep., 2019",2019/09,25,Not Applicable,Not Applicable
,"Mayes County, OK",40097,"Oct., 2019",2019/10,26,Not Applicable,Not Applicable
,"Mayes County, OK",40097,"Nov., 2019",2019/11,18,Not Applicable,Not Applicable
,"Mayes County, OK",40097,"Dec., 2019",2019/12,32,Not Applicable,Not Applicable
,"Murray County, OK",40099,"Jan., 2019",2019/01,14,Not Applicable,Not Applicable
,"Murray County, OK",40099,"Feb., 2019",2019/02,13,Not Applicable,Not Applicable
,"Murray County, OK",40099,"Mar., 2019",2019/03,21,Not Applicable,Not Applicable
,"Murray County, OK",40099,"Apr., 2019",2019/04,11,Not Applicable,Not Applicable
,"Murray County, OK",40099,"May, 2019",2019/05,13,Not Applicable,Not Applicable
,"Murray County, OK",40099,"Jun., 2019",2019/06,Suppressed,Not Applicable,Not Applicable
,"Murray County, OK",40099,"Jul., 2019",2019/07,Suppressed,Not Applicable,Not Applicable
,"Murray County, OK",40099,"Aug., 2019",2019/08,12,Not Applicable,Not Applicable
,"Murray County, OK",40099,"Sep., 2019",2019/09,10,Not Applicable,Not Applicable
,"Murray County, OK",40099,"Oct., 2019",2019/10,Suppressed,Not Applicable,Not Applicable
,"Murray County, OK",40099,"Nov., 2019",2019/11,10,Not Applicable,Not Applicable
,"Murray County, OK",40099,"Dec., 2019",2019/12,11,Not Applicable,Not Applicable
,"Muskogee County, OK",40101,"Jan., 2019",2019/01,60,Not Applicable,Not Applicable
,"Muskogee County, OK",40101,"Feb., 2019",2019/02,41,Not Applicable,Not Applicable
,"Muskogee County, OK",40101,"Mar., 2019",2019/03,58,Not Applicable,Not Applicable
,"Muskogee County, OK",40101,"Apr., 2019",2019/04,50,Not Applicable,Not Applicable
,"Muskogee County, OK",40101,"May, 2019",2019/05,52,Not Applicable,Not Applicable
,"Muskogee County, OK",40101,"Jun., 2019",2019/06,41,Not Applicable,Not Applicable
,"Muskogee County, OK",40101,"Jul., 2019",2019/07,47,Not Applicable,Not Applicable
,"Muskogee County, OK",40101,"Aug., 2019",2019/08,52,Not Applicable,Not Applicable
,"Muskogee County, OK",40101,"Sep., 2019",2019/09,45,Not Applicable,Not Applicable
,"Muskogee County, OK",40101,"Oct., 2019",2019/10,55,Not Applicable,Not Applicable
,"Muskogee County, OK",40101,"Nov., 2019",2019/11,61,Not Applicable,Not Applicable
,"Muskogee County, OK",40101,"Dec., 2019",2019/12,59,Not Applicable,Not Applicable
,"Noble County, OK",40103,"Jan., 2019",2019/01,Suppressed,Not Applicable,Not Applicable
,"Noble County, OK",40103,"Feb., 2019",2019/02,Suppressed,Not Applicable,Not Applicable
,"Noble County, OK",40103,"Mar., 2019",2019/03,10,Not Applicable,Not Applicable
,"Noble County, OK",40103,"Apr., 2019",2019/04,Suppressed,Not Applicable,Not Applicable
,"Noble County, OK",40103,"May, 2019",2019/05,14,Not Applicable,Not Applicable
,"Noble County, OK",40103,"Jun., 2019",2019/06,Suppressed,Not Applicable,Not Applicable
,"Noble County, OK",40103,"Jul., 2019",2019/07,Suppressed,Not Applicable,Not Applicable
,"Noble County, OK",40103,"Aug., 2019",2019/08,Suppressed,Not Applicable,Not Applicable
,"Noble County, OK",40103,"Sep., 2019",2019/09,Suppressed,Not Applicable,Not Applicable
,"Noble County, OK",40103,"Oct., 2019",2019/10,Suppressed,Not Applicable,Not Applicable
,"Noble County, OK",40103,"Nov., 2019",2019/11,Suppressed,Not Applicable,Not Applicable
,"Noble County, OK",40103,"Dec., 2019",2019/12,11,Not Applicable,Not Applicable
,"Nowata County, OK",40105,"Jan., 2019",2019/01,Suppressed,Not Applicable,Not Applicable
,"Nowata County, OK",40105,"Feb., 2019",2019/02,Suppressed,Not Applicable,Not Applicable
,"Nowata County, OK",40105,"Mar., 2019",2019/03,Suppressed,Not Applicable,Not Applicable
,"Nowata County, OK",40105,"Apr., 2019",2019/04,Suppressed,Not Applicable,Not Applicable
,"Nowata County, OK",40105,"May, 2019",2019/05,Suppressed,Not Applicable,Not Applicable
,"Nowata County, OK",40105,"Jun., 2019",2019/06,Suppressed,Not Applicable,Not Applicable
,"Nowata County, OK",40105,"Jul., 2019",2019/07,Suppressed,Not Applicable,Not Applicable
,"Nowata County, OK",40105,"Aug., 2019",2019/08,Suppressed,Not Applicable,Not Applicable
,"Nowata County, OK",40105,"Sep., 2019",2019/09,Suppressed,Not Applicable,Not Applicable
,"Nowata County, OK",40105,"Oct., 2019",2019/10,12,Not Applicable,Not Applicable
,"Nowata County, OK",40105,"Nov., 2019",2019/11,Suppressed,Not Applicable,Not Applicable
,"Nowata County, OK",40105,"Dec., 2019",2019/12,Suppressed,Not Applicable,Not Applicable
,"Okfuskee County, OK",40107,"Jan., 2019",2019/01,Suppressed,Not Applicable,Not Applicable
,"Okfuskee County, OK",40107,"Feb., 2019",2019/02,17,Not Applicable,Not Applicable
,"Okfuskee County, OK",40107,"Mar., 2019",2019/03,Suppressed,Not Applicable,Not Applicable
,"Okfuskee County, OK",40107,"Apr., 2019",2019/04,13,Not Applicable,Not Applicable
,"Okfuskee County, OK",40107,"May, 2019",2019/05,12,Not Applicable,Not Applicable
,"Okfuskee County, OK",40107,"Jun., 2019",2019/06,11,Not Applicable,Not Applicable
,"Okfuskee County, OK",40107,"Jul., 2019",2019/07,Suppressed,Not Applicable,Not Applicable
,"Okfuskee County, OK",40107,"Aug., 2019",2019/08,Suppressed,Not Applicable,Not Applicable
,"Okfuskee County, OK",40107,"Sep., 2019",2019/09,11,Not Applicable,Not Applicable
,"Okfuskee County, OK",40107,"Oct., 2019",2019/10,11,Not Applicable,Not Applicable
,"Okfuskee County, OK",40107,"Nov., 2019",2019/11,12,Not Applicable,Not Applicable
,"Okfuskee County, OK",40107,"Dec., 2019",2019/12,15,Not Applicable,Not Applicable
,"Oklahoma County, OK",40109,"Jan., 2019",2019/01,448,Not Applicable,Not Applicable
,"Oklahoma County, OK",40109,"Feb., 2019",2019/02,388,Not Applicable,Not Applicable
,"Oklahoma County, OK",40109,"Mar., 2019",2019/03,438,Not Applicable,Not Applicable
,"Oklahoma County, OK",40109,"Apr., 2019",2019/04,382,Not Applicable,Not Applicable
,"Oklahoma County, OK",40109,"May, 2019",2019/05,363,Not Applicable,Not Applicable
,"Oklahoma County, OK",40109,"Jun., 2019",2019/06,378,Not Applicable,Not Applicable
,"Oklahoma County, OK",40109,"Jul., 2019",2019/07,379,Not Applicable,Not Applicable
,"Oklahoma County, OK",40109,"Aug., 2019",2019/08,354,Not Applicable,Not Applicable
,"Oklahoma County, OK",40109,"Sep., 2019",2019/09,368,Not Applicable,Not Applicable
,"Oklahoma County, OK",40109,"Oct., 2019",2019/10,381,Not Applicable,Not Applicable
,"Oklahoma County, OK",40109,"Nov., 2019",2019/11,369,Not Applicable,Not Applicable
,"Oklahoma County, OK",40109,"Dec., 2019",2019/12,417,Not Applicable,Not Applicable
,"Okmulgee County, OK",40111,"Jan., 2019",2019/01,30,Not Applicable,Not Applicable
,"Okmulgee County, OK",40111,"Feb., 2019",2019/02,22,Not Applicable,Not Applicable
,"Okmulgee County, OK",40111,"Mar., 2019",2019/03,32,Not Applicable,Not Applicable
,"Okmulgee County, OK",40111,"Apr., 2019",2019/04,33,Not Applicable,Not Applicable
,"Okmulgee County, OK",40111,"May, 2019",2019/05,18,Not Applicable,Not Applicable
,"Okmulgee County, OK",40111,"Jun., 2019",2019/06,20,Not Applicable,Not Applicable
,"Okmulgee County, OK",40111,"Jul., 2019",2019/07,13,Not Applicable,Not Applicable
,"Okmulgee County, OK",40111,"Aug., 2019",2019/08,27,Not Applicable,Not Applicable
,"Okmulgee County, OK",40111,"Sep., 2019",2019/09,22,Not Applicable,Not Applicable
,"Okmulgee County, OK",40111,"Oct., 2019",2019/10,43,Not Applicable,Not Applicable
,"Okmulgee County, OK",40111,"Nov., 2019",2019/11,32,Not Applicable,Not Applicable
,"Okmulgee County, OK",40111,"Dec., 2019",2019/12,25,Not Applicable,Not Applicable
,"Osage County, OK",40113,"Jan., 2019",2019/01,18,Not Applicable,Not Applicable
,"Osage County, OK",40113,"Feb., 2019",2019/02,25,Not Applicable,Not Applicable
,"Osage County, OK",40113,"Mar., 2019",2019/03,31,Not Applicable,Not Applicable
,"Osage County, OK",40113,"Apr., 2019",2019/04,25,Not Applicable,Not Applicable
,"Osage County, OK",40113,"May, 2019",2019/05,25,Not Applicable,Not Applicable
,"Osage County, OK",40113,"Jun., 2019",2019/06,27,Not Applicable,Not Applicable
,"Osage County, OK",40113,"Jul., 2019",2019/07,16,Not Applicable,Not Applicable
,"Osage County, OK",40113,"Aug., 2019",2019/08,18,Not Applicable,Not Applicable
,"Osage County, OK",40113,"Sep., 2019",2019/09,27,Not Applicable,Not Applicable
,"Osage County, OK",40113,"Oct., 2019",2019/10,30,Not Applicable,Not Applicable
,"Osage County, OK",40113,"Nov., 2019",2019/11,19,Not Applicable,Not Applicable
,"Osage County, OK",40113,"Dec., 2019",2019/12,28,Not Applicable,Not Applicable
,"Ottawa County, OK",40115,"Jan., 2019",2019/01,32,Not Applicable,Not Applicable
,"Ottawa County, OK",40115,"Feb., 2019",2019/02,31,Not Applicable,Not Applicable
,"Ottawa County, OK",40115,"Mar., 2019",2019/03,26,Not Applicable,Not Applicable
,"Ottawa County, OK",40115,"Apr., 2019",2019/04,22,Not Applicable,Not Applicable
,"Ottawa County, OK",40115,"May, 2019",2019/05,16,Not Applicable,Not Applicable
,"Ottawa County, OK",40115,"Jun., 2019",2019/06,21,Not Applicable,Not Applicable
,"Ottawa County, OK",40115,"Jul., 2019",2019/07,26,Not Applicable,Not Applicable
,"Ottawa County, OK",40115,"Aug., 2019",2019/08,22,Not Applicable,Not Applicable
,"Ottawa County, OK",40115,"Sep., 2019",2019/09,18,Not Applicable,Not Applicable
,"Ottawa County, OK",40115,"Oct., 2019",2019/10,20,Not Applicable,Not Applicable
,"Ottawa County, OK",40115,"Nov., 2019",2019/11,19,Not Applicable,Not Applicable
,"Ottawa County, OK",40115,"Dec., 2019",2019/12,25,Not Applicable,Not Applicable
,"Pawnee County, OK",40117,"Jan., 2019",2019/01,14,Not Applicable,Not Applicable
,"Pawnee County, OK",40117,"Feb., 2019",2019/02,14,Not Applicable,Not Applicable
,"Pawnee County, OK",40117,"Mar., 2019",2019/03,13,Not Applicable,Not Applicable
,"Pawnee County, OK",40117,"Apr., 2019",2019/04,11,Not Applicable,Not Applicable
,"Pawnee County, OK",40117,"May, 2019",2019/05,Suppressed,Not Applicable,Not Applicable
,"Pawnee County, OK",40117,"Jun., 2019",2019/06,13,Not Applicable,Not Applicable
,"Pawnee County, OK",40117,"Jul., 2019",2019/07,10,Not Applicable,Not Applicable
,"Pawnee County, OK",40117,"Aug., 2019",2019/08,10,Not Applicable,Not Applicable
,"Pawnee County, OK",40117,"Sep., 2019",2019/09,Suppressed,Not Applicable,Not Applicable
,"Pawnee County, OK",40117,"Oct., 2019",2019/10,Suppressed,Not Applicable,Not Applicable
,"Pawnee County, OK",40117,"Nov., 2019",2019/11,10,Not Applicable,Not Applicable
,"Pawnee County, OK",40117,"Dec., 2019",2019/12,Suppressed,Not Applicable,Not Applicable
,"Payne County, OK",40119,"Jan., 2019",2019/01,43,Not Applicable,Not Applicable
,"Payne County, OK",40119,"Feb., 2019",2019/02,23,Not Applicable,Not Applicable
,"Payne County, OK",40119,"Mar., 2019",2019/03,38,Not Applicable,Not Applicable
,"Payne County, OK",40119,"Apr., 2019",2019/04,25,Not Applicable,Not Applicable
,"Payne County, OK",40119,"May, 2019",2019/05,27,Not Applicable,Not Applicable
,"Payne County, OK",40119,"Jun., 2019",2019/06,25,Not Applicable,Not Applicable
,"Payne County, OK",40119,"Jul., 2019",2019/07,26,Not Applicable,Not Applicable
,"Payne County, OK",40119,"Aug., 2019",2019/08,32,Not Applicable,Not Applicable
,"Payne County, OK",40119,"Sep., 2019",2019/09,25,Not Applicable,Not Applicable
,"Payne County, OK",40119,"Oct., 2019",2019/10,34,Not Applicable,Not Applicable
,"Payne County, OK",40119,"Nov., 2019",2019/11,39,Not Applicable,Not Applicable
,"Payne County, OK",40119,"Dec., 2019",2019/12,44,Not Applicable,Not Applicable
,"Pittsburg County, OK",40121,"Jan., 2019",2019/01,23,Not Applicable,Not Applicable
,"Pittsburg County, OK",40121,"Feb., 2019",2019/02,31,Not Applicable,Not Applicable
,"Pittsburg County, OK",40121,"Mar., 2019",2019/03,36,Not Applicable,Not Applicable
,"Pittsburg County, OK",40121,"Apr., 2019",2019/04,34,Not Applicable,Not Applicable
,"Pittsburg County, OK",40121,"May, 2019",2019/05,36,Not Applicable,Not Applicable
,"Pittsburg County, OK",40121,"Jun., 2019",2019/06,25,Not Applicable,Not Applicable
,"Pittsburg County, OK",40121,"Jul., 2019",2019/07,25,Not Applicable,Not Applicable
,"Pittsburg County, OK",40121,"Aug., 2019",2019/08,26,Not Applicable,Not Applicable
,"Pittsburg County, OK",40121,"Sep., 2019",2019/09,22,Not Applicable,Not Applicable
,"Pittsburg County, OK",40121,"Oct., 2019",2019/10,26,Not Applicable,Not Applicable
,"Pittsburg County, OK",40121,"Nov., 2019",2019/11,38,Not Applicable,Not Applicable
,"Pittsburg County, OK",40121,"Dec., 2019",2019/12,27,Not Applicable,Not Applicable
,"Pontotoc County, OK",40123,"Jan., 2019",2019/01,28,Not Applicable,Not Applicable
,"Pontotoc County, OK",40123,"Feb., 2019",2019/02,16,Not Applicable,Not Applicable
,"Pontotoc County, OK",40123,"Mar., 2019",2019/03,14,Not Applicable,Not Applicable
,"Pontotoc County, OK",40123,"Apr., 2019",2019/04,24,Not Applicable,Not Applicable
,"Pontotoc County, OK",40123,"May, 2019",2019/05,22,Not Applicable,Not Applicable
,"Pontotoc County, OK",40123,"Jun., 2019",2019/06,16,Not Applicable,Not Applicable
,"Pontotoc County, OK",40123,"Jul., 2019",2019/07,14,Not Applicable,Not Applicable
,"Pontotoc County, OK",40123,"Aug., 2019",2019/08,16,Not Applicable,Not Applicable
,"Pontotoc County, OK",40123,"Sep., 2019",2019/09,23,Not Applicable,Not Applicable
,"Pontotoc County, OK",40123,"Oct., 2019",2019/10,25,Not Applicable,Not Applicable
,"Pontotoc County, OK",40123,"Nov., 2019",2019/11,15,Not Applicable,Not Applicable
,"Pontotoc County, OK",40123,"Dec., 2019",2019/12,23,Not Applicable,Not Applicable
,"Pottawatomie County, OK",40125,"Jan., 2019",2019/01,50,Not Applicable,Not Applicable
,"Pottawatomie County, OK",40125,"Feb., 2019",2019/02,40,Not Applicable,Not Applicable
,"Pottawatomie County, OK",40125,"Mar., 2019",2019/03,64,Not Applicable,Not Applicable
,"Pottawatomie County, OK",40125,"Apr., 2019",2019/04,38,Not Applicable,Not Applicable
,"Pottawatomie County, OK",40125,"May, 2019",2019/05,49,Not Applicable,Not Applicable
,"Pottawatomie County, OK",40125,"Jun., 2019",2019/06,39,Not Applicable,Not Applicable
,"Pottawatomie County, OK",40125,"Jul., 2019",2019/07,31,Not Applicable,Not Applicable
,"Pottawatomie County, OK",40125,"Aug., 2019",2019/08,42,Not Applicable,Not Applicable
,"Pottawatomie County, OK",40125,"Sep., 2019",2019/09,37,Not Applicable,Not Applicable
,"Pottawatomie County, OK",40125,"Oct., 2019",2019/10,37,Not Applicable,Not Applicable
,"Pottawatomie County, OK",40125,"Nov., 2019",2019/11,46,Not Applicable,Not Applicable
,"Pottawatomie County, OK",40125,"Dec., 2019",2019/12,37,Not Applicable,Not Applicable
,"Pushmataha County, OK",40127,"Jan., 2019",2019/01,Suppressed,Not Applicable,Not Applicable
,"Pushmataha County, OK",40127,"Feb., 2019",2019/02,Suppressed,Not Applicable,Not Applicable
,"Pushmataha County, OK",40127,"Mar., 2019",2019/03,Suppressed,Not Applicable,Not Applicable
,"Pushmataha County, OK",40127,"Apr., 2019",2019/04,Suppressed,Not Applicable,Not Applicable
,"Pushmataha County, OK",40127,"May, 2019",2019/05,Suppressed,Not Applicable,Not Applicable
,"Pushmataha County, OK",40127,"Jun., 2019",2019/06,Suppressed,Not Applicable,Not Applicable
,"Pushmataha County, OK",40127,"Jul., 2019",2019/07,Suppressed,Not Applicable,Not Applicable
,"Pushmataha County, OK",40127,"Aug., 2019",2019/08,Suppressed,Not Applicable,Not Applicable
,"Pushmataha County, OK",40127,"Sep., 2019",2019/09,Suppressed,Not Applicable,Not Applicable
,"Pushmataha County, OK",40127,"Oct., 2019",2019/10,14,Not Applicable,Not Applicable
,"Pushmataha County, OK",40127,"Nov., 2019",2019/11,Suppressed,Not Applicable,Not Applicable
,"Pushmataha County, OK",40127,"Dec., 2019",2019/12,Suppressed,Not Applicable,Not Applicable
,"Roger Mills County, OK",40129,"Jan., 2019",2019/01,Suppressed,Not Applicable,Not Applicable
,"Roger Mills County, OK",40129,"Feb., 2019",2019/02,Suppressed,Not Applicable,Not Applicable
,"Roger Mills County, OK",40129,"Mar., 2019",2019/03,Suppressed,Not Applicable,Not Applicable
,"Roger Mills County, OK",40129,"Apr., 2019",2019/04,Suppressed,Not Applicable,Not Applicable
,"Roger Mills County, OK",40129,"May, 2019",2019/05,Suppressed,Not Applicable,Not Applicable
,"Roger Mills County, OK",40129,"Jun., 2019",2019/06,Suppressed,Not Applicable,Not Applicable
,"Roger Mills County, OK",40129,"Jul., 2019",2019/07,Suppressed,Not Applicable,Not Applicable
,"Roger Mills County, OK",40129,"Aug., 2019",2019/08,0,Not Applicable,Not Applicable
,"Roger Mills County, OK",40129,"Sep., 2019",2019/09,0,Not Applicable,Not Applicable
,"Roger Mills County, OK",40129,"Oct., 2019",2019/10,Suppressed,Not Applicable,Not Applicable
,"Roger Mills County, OK",40129,"Nov., 2019",2019/11,Suppressed,Not Applicable,Not Applicable
,"Roger Mills County, OK",40129,"Dec., 2019",2019/12,Suppressed,Not Applicable,Not Applicable
,"Rogers County, OK",40131,"Jan., 2019",2019/01,54,Not Applicable,Not Applicable
,"Rogers County, OK",40131,"Feb., 2019",2019/02,48,Not Applicable,Not Applicable
,"Rogers County, OK",40131,"Mar., 2019",2019/03,48,Not Applicable,Not Applicable
,"Rogers County, OK",40131,"Apr., 2019",2019/04,47,Not Applicable,Not Applicable
,"Rogers County, OK",40131,"May, 2019",2019/05,40,Not Applicable,Not Applicable
,"Rogers County, OK",40131,"Jun., 2019",2019/06,40,Not Applicable,Not Applicable
,"Rogers County, OK",40131,"Jul., 2019",2019/07,33,Not Applicable,Not Applicable
,"Rogers County, OK",40131,"Aug., 2019",2019/08,49,Not Applicable,Not Applicable
,"Rogers County, OK",40131,"Sep., 2019",2019/09,50,Not Applicable,Not Applicable
,"Rogers County, OK",40131,"Oct., 2019",2019/10,41,Not Applicable,Not Applicable
,"Rogers County, OK",40131,"Nov., 2019",2019/11,40,Not Applicable,Not Applicable
,"Rogers County, OK",40131,"Dec., 2019",2019/12,70,Not Applicable,Not Applicable
,"Seminole County, OK",40133,"Jan., 2019",2019/01,28,Not Applicable,Not Applicable
,"Seminole County, OK",40133,"Feb., 2019",2019/02,17,Not Applicable,Not Applicable
,"Seminole County, OK",40133,"Mar., 2019",2019/03,24,Not Applicable,Not Applicable
,"Seminole County, OK",40133,"Apr., 2019",2019/04,15,Not Applicable,Not Applicable
,"Seminole County, OK",40133,"May, 2019",2019/05,19,Not Applicable,Not Applicable
,"Seminole County, OK",40133,"Jun., 2019",2019/06,19,Not Applicable,Not Applicable
,"Seminole County, OK",40133,"Jul., 2019",2019/07,14,Not Applicable,Not Applicable
,"Seminole County, OK",40133,"Aug., 2019",2019/08,17,Not Applicable,Not Applicable
,"Seminole County, OK",40133,"Sep., 2019",2019/09,24,Not Applicable,Not Applicable
,"Seminole County, OK",40133,"Oct., 2019",2019/10,12,Not Applicable,Not Applicable
,"Seminole County, OK",40133,"Nov., 2019",2019/11,12,Not Applicable,Not Applicable
,"Seminole County, OK",40133,"Dec., 2019",2019/12,19,Not Applicable,Not Applicable
,"Sequoyah County, OK",40135,"Jan., 2019",2019/01,18,Not Applicable,Not Applicable
,"Sequoyah County, OK",40135,"Feb., 2019",2019/02,31,Not Applicable,Not Applicable
,"Sequoyah County, OK",40135,"Mar., 2019",2019/03,31,Not Applicable,Not Applicable
,"Sequoyah County, OK",40135,"Apr., 2019",2019/04,21,Not Applicable,Not Applicable
,"Sequoyah County, OK",40135,"May, 2019",2019/05,23,Not Applicable,Not Applicable
,"Sequoyah County, OK",40135,"Jun., 2019",2019/06,20,Not Applicable,Not Applicable
,"Sequoyah County, OK",40135,"Jul., 2019",2019/07,15,Not Applicable,Not Applicable
,"Sequoyah County, OK",40135,"Aug., 2019",2019/08,27,Not Applicable,Not Applicable
,"Sequoyah County, OK",40135,"Sep., 2019",2019/09,25,Not Applicable,Not Applicable
,"Sequoyah County, OK",40135,"Oct., 2019",2019/10,27,Not Applicable,Not Applicable
,"Sequoyah County, OK",40135,"Nov., 2019",2019/11,37,Not Applicable,Not Applicable
,"Sequoyah County, OK",40135,"Dec., 2019",2019/12,19,Not Applicable,Not Applicable
,"Stephens County, OK",40137,"Jan., 2019",2019/01,33,Not Applicable,Not Applicable
,"Stephens County, OK",40137,"Feb., 2019",2019/02,38,Not Applicable,Not Applicable
,"Stephens County, OK",40137,"Mar., 2019",2019/03,36,Not Applicable,Not Applicable
,"Stephens County, OK",40137,"Apr., 2019",2019/04,39,Not Applicable,Not Applicable
,"Stephens County, OK",40137,"May, 2019",2019/05,30,Not Applicable,Not Applicable
,"Stephens County, OK",40137,"Jun., 2019",2019/06,32,Not Applicable,Not Applicable
,"Stephens County, OK",40137,"Jul., 2019",2019/07,19,Not Applicable,Not Applicable
,"Stephens County, OK",40137,"Aug., 2019",2019/08,20,Not Applicable,Not Applicable
,"Stephens County, OK",40137,"Sep., 2019",2019/09,30,Not Applicable,Not Applicable
,"Stephens County, OK",40137,"Oct., 2019",2019/10,26,Not Applicable,Not Applicable
,"Stephens County, OK",40137,"Nov., 2019",2019/11,36,Not Applicable,Not Applicable
,"Stephens County, OK",40137,"Dec., 2019",2019/12,30,Not Applicable,Not Applicable
,"Texas County, OK",40139,"Jan., 2019",2019/01,11,Not Applicable,Not Applicable
,"Texas County, OK",40139,"Feb., 2019",2019/02,Suppressed,Not Applicable,Not Applicable
,"Texas County, OK",40139,"Mar., 2019",2019/03,14,Not Applicable,Not Applicable
,"Texas County, OK",40139,"Apr., 2019",2019/04,14,Not Applicable,Not Applicable
,"Texas County, OK",40139,"May, 2019",2019/05,13,Not Applicable,Not Applicable
,"Texas County, OK",40139,"Jun., 2019",2019/06,Suppressed,Not Applicable,Not Applicable
,"Texas County, OK",40139,"Jul., 2019",2019/07,11,Not Applicable,Not Applicable
,"Texas County, OK",40139,"Aug., 2019",2019/08,Suppressed,Not Applicable,Not Applicable
,"Texas County, OK",40139,"Sep., 2019",2019/09,Suppressed,Not Applicable,Not Applicable
,"Texas County, OK",40139,"Oct., 2019",2019/10,11,Not Applicable,Not Applicable
,"Texas County, OK",40139,"Nov., 2019",2019/11,11,Not Applicable,Not Applicable
,"Texas County, OK",40139,"Dec., 2019",2019/12,16,Not Applicable,Not Applicable
,"Tillman County, OK",40141,"Jan., 2019",2019/01,Suppressed,Not Applicable,Not Applicable
,"Tillman County, OK",40141,"Feb., 2019",2019/02,Suppressed,Not Applicable,Not Applicable
,"Tillman County, OK",40141,"Mar., 2019",2019/03,Suppressed,Not Applicable,Not Applicable
,"Tillman County, OK",40141,"Apr., 2019",2019/04,Suppressed,Not Applicable,Not Applicable
,"Tillman County, OK",40141,"May, 2019",2019/05,Suppressed,Not Applicable,Not Applicable
,"Tillman County, OK",40141,"Jun., 2019",2019/06,Suppressed,Not Applicable,Not Applicable
,"Tillman County, OK",40141,"Jul., 2019",2019/07,Suppressed,Not Applicable,Not Applicable
,"Tillman County, OK",40141,"Aug., 2019",2019/08,Suppressed,Not Applicable,Not Applicable
,"Tillman County, OK",40141,"Sep., 2019",2019/09,Suppressed,Not Applicable,Not Applicable
,"Tillman County, OK",40141,"Oct., 2019",2019/10,Suppressed,Not Applicable,Not Applicable
,"Tillman County, OK",40141,"Nov., 2019",2019/11,0,Not Applicable,Not Applicable
,"Tillman County, OK",40141,"Dec., 2019",2019/12,Suppressed,Not Applicable,Not Applicable
,"Tulsa County, OK",40143,"Jan., 2019",2019/01,354,Not Applicable,Not Applicable
,"Tulsa County, OK",40143,"Feb., 2019",2019/02,311,Not Applicable,Not Applicable
,"Tulsa County, OK",40143,"Mar., 2019",2019/03,379,Not Applicable,Not Applicable
,"Tulsa County, OK",40143,"Apr., 2019",2019/04,336,Not Applicable,Not Applicable
,"Tulsa County, OK",40143,"May, 2019",2019/05,307,Not Applicable,Not Applicable
,"Tulsa County, OK",40143,"Jun., 2019",2019/06,309,Not Applicable,Not Applicable
,"Tulsa County, OK",40143,"Jul., 2019",2019/07,314,Not Applicable,Not Applicable
,"Tulsa County, OK",40143,"Aug., 2019",2019/08,326,Not Applicable,Not Applicable
,"Tulsa County, OK",40143,"Sep., 2019",2019/09,246,Not Applicable,Not Applicable
,"Tulsa County, OK",40143,"Oct., 2019",2019/10,321,Not Applicable,Not Applicable
,"Tulsa County, OK",40143,"Nov., 2019",2019/11,354,Not Applicable,Not Applicable
,"Tulsa County, OK",40143,"Dec., 2019",2019/12,383,Not Applicable,Not Applicable
,"Wagoner County, OK",40145,"Jan., 2019",2019/01,37,Not Applicable,Not Applicable
,"Wagoner County, OK",40145,"Feb., 2019",2019/02,29,Not Applicable,Not Applicable
,"Wagoner County, OK",40145,"Mar., 2019",2019/03,33,Not Applicable,Not Applicable
,"Wagoner County, OK",40145,"Apr., 2019",2019/04,27,Not Applicable,Not Applicable
,"Wagoner County, OK",40145,"May, 2019",2019/05,33,Not Applicable,Not Applicable
,"Wagoner County, OK",40145,"Jun., 2019",2019/06,30,Not Applicable,Not Applicable
,"Wagoner County, OK",40145,"Jul., 2019",2019/07,31,Not Applicable,Not Applicable
,"Wagoner County, OK",40145,"Aug., 2019",2019/08,25,Not Applicable,Not Applicable
,"Wagoner County, OK",40145,"Sep., 2019",2019/09,28,Not Applicable,Not Applicable
,"Wagoner County, OK",40145,"Oct., 2019",2019/10,33,Not Applicable,Not Applicable
,"Wagoner County, OK",40145,"Nov., 2019",2019/11,38,Not Applicable,Not Applicable
,"Wagoner County, OK",40145,"Dec., 2019",2019/12,37,Not Applicable,Not Applicable
,"Washington County, OK",40147,"Jan., 2019",2019/01,36,Not Applicable,Not Applicable
,"Washington County, OK",40147,"Feb., 2019",2019/02,31,Not Applicable,Not Applicable
,"Washington County, OK",40147,"Mar., 2019",2019/03,40,Not Applicable,Not Applicable
,"Washington County, OK",40147,"Apr., 2019",2019/04,30,Not Applicable,Not Applicable
,"Washington County, OK",40147,"May, 2019",2019/05,38,Not Applicable,Not Applicable
,"Washington County, OK",40147,"Jun., 2019",2019/06,14,Not Applicable,Not Applicable
,"Washington County, OK",40147,"Jul., 2019",2019/07,33,Not Applicable,Not Applicable
,"Washington County, OK",40147,"Aug., 2019",2019/08,39,Not Applicable,Not Applicable
,"Washington County, OK",40147,"Sep., 2019",2019/09,44,Not Applicable,Not Applicable
,"Washington County, OK",40147,"Oct., 2019",2019/10,30,Not Applicable,Not Applicable
,"Washington County, OK",40147,"Nov., 2019",2019/11,37,Not Applicable,Not Applicable
,"Washington County, OK",40147,"Dec., 2019",2019/12,42,Not Applicable,Not Applicable
,"Washita County, OK",40149,"Jan., 2019",2019/01,11,Not Applicable,Not Applicable
,"Washita County, OK",40149,"Feb., 2019",2019/02,13,Not Applicable,Not Applicable
,"Washita County, OK",40149,"Mar., 2019",2019/03,10,Not Applicable,Not Applicable
,"Washita County, OK",40149,"Apr., 2019",2019/04,Suppressed,Not Applicable,Not Applicable
,"Washita County, OK",40149,"May, 2019",2019/05,11,Not Applicable,Not Applicable
,"Washita County, OK",40149,"Jun., 2019",2019/06,Suppressed,Not Applicable,Not Applicable
,"Washita County, OK",40149,"Jul., 2019",2019/07,Suppressed,Not Applicable,Not Applicable
,"Washita County, OK",40149,"Aug., 2019",2019/08,Suppressed,Not Applicable,Not Applicable
,"Washita County, OK",40149,"Sep., 2019",2019/09,Suppressed,Not Applicable,Not Applicable
,"Washita County, OK",40149,"Oct., 2019",2019/10,Suppressed,Not Applicable,Not Applicable
,"Washita County, OK",40149,"Nov., 2019",2019/11,Suppressed,Not Applicable,Not Applicable
,"Washita County, OK",40149,"Dec., 2019",2019/12,Suppressed,Not Applicable,Not Applicable
,"Woods County, OK",40151,"Jan., 2019",2019/01,12,Not Applicable,Not Applicable
,"Woods County, OK",40151,"Feb., 2019",2019/02,12,Not Applicable,Not Applicable
,"Woods County, OK",40151,"Mar., 2019",2019/03,11,Not Applicable,Not Applicable
,"Woods County, OK",40151,"Apr., 2019",2019/04,Suppressed,Not Applicable,Not Applicable
,"Woods County, OK",40151,"May, 2019",2019/05,Suppressed,Not Applicable,Not Applicable
,"Woods County, OK",40151,"Jun., 2019",2019/06,Suppressed,Not Applicable,Not Applicable
,"Woods County, OK",40151,"Jul., 2019",2019/07,Suppressed,Not Applicable,Not Applicable
,"Woods County, OK",40151,"Aug., 2019",2019/08,Suppressed,Not Applicable,Not Applicable
,"Woods County, OK",40151,"Sep., 2019",2019/09,Suppressed,Not Applicable,Not Applicable
,"Woods County, OK",40151,"Oct., 2019",2019/10,Suppressed,Not Applicable,Not Applicable
,"Woods County, OK",40151,"Nov., 2019",2019/11,Suppressed,Not Applicable,Not Applicable
,"Woods County, OK",40151,"Dec., 2019",2019/12,Suppressed,Not Applicable,Not Applicable
,"Woodward County, OK",40153,"Jan., 2019",2019/01,15,Not Applicable,Not Applicable
,"Woodward County, OK",40153,"Feb., 2019",2019/02,15,Not Applicable,Not Applicable
,"Woodward County, OK",40153,"Mar., 2019",2019/03,13,Not Applicable,Not Applicable
,"Woodward County, OK",40153,"Apr., 2019",2019/04,Suppressed,Not Applicable,Not Applicable
,"Woodward County, OK",40153,"May, 2019",2019/05,Suppressed,Not Applicable,Not Applicable
,"Woodward County, OK",40153,"Jun., 2019",2019/06,16,Not Applicable,Not Applicable
,"Woodward County, OK",40153,"Jul., 2019",2019/07,18,Not Applicable,Not Applicable
,"Woodward County, OK",40153,"Aug., 2019",2019/08,15,Not Applicable,Not Applicable
,"Woodward County, OK",40153,"Sep., 2019",2019/09,Suppressed,Not Applicable,Not Applicable
,"Woodward County, OK",40153,"Oct., 2019",2019/10,Suppressed,Not Applicable,Not Applicable
,"Woodward County, OK",40153,"Nov., 2019",2019/11,11,Not Applicable,Not Applicable
,"Woodward County, OK",40153,"Dec., 2019",2019/12,11,Not Applicable,Not Applicable
---,,,,,,,
"Dataset: Underlying Cause of Death, 2018-2021, Single Race",,,,,,,
Query Parameters:,,,,,,,
Place of Death: Medical Facility - Inpatient; Medical Facility - Outpatient or ER; Medical Facility - Dead on Arrival; Medical,,,,,,,
Facility - Status unknown; Hospice facility; Nursing home/long term care,,,,,,,
States: Oklahoma (40),,,,,,,
Year/Month: 2019,,,,,,,
Group By: County; Month,,,,,,,
Show Totals: Disabled,,,,,,,
Show Zero Values: True,,,,,,,
Show Suppressed: True,,,,,,,
"Calculate Rates Per: 100,000",,,,,,,
Rate Options: Default intercensal populations for years 2001-2009 (except Infant Age Groups),,,,,,,
---,,,,,,,
Help: See http://wonder.cdc.gov/wonder/help/ucd-expanded.html for more information.,,,,,,,
---,,,,,,,
"Query Date: Jun 17, 2023 2:08:44 PM",,,,,,,
---,,,,,,,
"Suggested Citation: Centers for Disease Control and Prevention, National Center for Health Statistics. National Vital Statistics",,,,,,,
"System, Mortality 2018-2021 on CDC WONDER Online Database, released in 2021. Data are from the Multiple Cause of Death Files,",,,,,,,
"2018-2021, as compiled from data provided by the 57 vital statistics jurisdictions through the Vital Statistics Cooperative",,,,,,,
"Program. Accessed at http://wonder.cdc.gov/ucd-icd10-expanded.html on Jun 17, 2023 2:08:44 PM",,,,,,,
---,,,,,,,
Messages:,,,,,,,
1. Totals are not available for these results due to suppression constraints. More Information:,,,,,,,
http://wonder.cdc.gov/wonder/help/faq.html#Privacy.,,,,,,,
---,,,,,,,
Caveats:,,,,,,,
"1. Population and rates are labeled 'Not Applicable' when Autopsy, Place of Death, Weekday or Month are grouped by or limited,",,,,,,,
due to lack of a valid population. More information: http://wonder.cdc.gov/wonder/help/ucd-expanded.html#NotApplicableRates.,,,,,,,
2. Data are Suppressed when the data meet the criteria for confidentiality constraints. More information:,,,,,,,
http://wonder.cdc.gov/wonder/help/ucd-expanded.html#Assurance of Confidentiality.,,,,,,,
3. Death rates are flagged as Unreliable when the rate is calculated with a numerator of 20 or less. More information:,,,,,,,
http://wonder.cdc.gov/wonder/help/ucd-expanded.html#Unreliable.,,,,,,,
